UF;zona;address;postal-code
AC;1;FORUM ELEITORAL, BR 364, KM 02, ALAMEDA MIN. MIGUEL FERRANTE, S/N, RIO BRANCO, AC, ## 69915632
AC;7;RUA CORNELIO DE OLIVEIRA LIMA, 81, FEIJO, AC, ## 69960000
AC;8;RUA 03 DE MAIO, 1.397, SENADOR GUIOMARD, AC, ## 69925000
AC;9;RUA MINISTRO ILMAR GALVAO, CENTRO ADMINISTRATIVO ESTADUAL, BR 364 KM 2, RIO BRANCO, AC, ## 69914220
AL;7;RUA C, N. 167, CONJ. HABIT. RUBENS WANDERLEY, COM. TERCIO VANDERLEY, CORURIPE, AL, ## 57230000
AL;19;AV. PRESIDENTE DUTRA, N 385  BR 316, SANTANA DO IPANEMA, AL, ## 57500000
AL;23;AVENIDA HORACIO GOMES DE MELO, 620, CAPELA, AL, ## 57780000
AL;25;PRACA BATISTA ACIOLY 40, MARAGOGI, AL, ## 57955000
AL;49;RUA VEREADORA MARIA JOSE PEREIRA PACHECO, 01, SAO SEBASTIAO, AL, ## 57275000
AL;50;RUA MANOEL MARTINS LEMOS ,120, MARAVILHA, AL, ## 57520000
AM;3;RUA TEREZINHA PEIXOTO, 3471, ITACOATIARA, AM, ## 69100000
AM;11;AV. PREFEITO JOAO CAVALCANTE, N. 1500, EIRUNEPE, AM, ## 69880000
AM;12;RUA DR. JOAO FABIO DE ANDRADE, 1884, LABREA, AM, ## 69830000
AM;18;RUA PADRE BAUZOLA, 92 SAO SEBASTIAO, BARCELOS, AM, ## 69700000
AM;27;RUA CORONEL PINTO -  FORUM DE JUSTICA DE URUCARA, URUCARA, AM, ## 69130000
AM;31;AV ANDRE ARAUJO SN ANEXO DO TRE 1 ANDAR, MANAUS, AM, ## 69060000
AM;33;AV. 31 DE MARCO, 344, ANORI, AM, ## 69440000
AM;41;RUA CICERO TUCHAUA, 320, JUTAI, AM, ## 69660000
AM;44;AV. PERIMETRAL, 114-B - PANTANAL, PAUINI, AM, ## 69860000
AM;51;PRACA CIVICA, N. 76 - MORADA DO SOL - PRESIDENTE FIGUEIREDO, PRESIDENTE FIGUEIREDO, AM, ## 69735000
AM;52;RUA GOVERNADOR DOMINGOS MONTEIRO NO. 7 - FORUM SENADOR JEFFERSON PERES, RIO PRETO DA EVA, AM, ## 69117000
AM;53;RUA IRACEMA MOISES DAS CHAGAS, ANAMA, AM, ## 69445000
AM;54;AV AMAZONAS, SNR, BERURI, AM, ## 69430000
AM;66;RUA BARROSO, SN, OSMAR FREIRE, MANAQUIRI, AM, ## 69435000
AM;67;AVENIDA RIO JUMA, N.312, BAIRRO CENTRO, APUI, AM, ## 69265000
AM;69;RUA VITORIA REGIA S/N, ITAMARATI, AM, ## 69510000
BA;23;FORUM ELEITORAL DE JEQUIE, RUA GILDELITO FERRAZ, N 3-B, JEQUIE, BA, ## 45208415
BA;25;FORUM ELEITORAL - AV. GOV. ROBERTO SANTOS, S/N, ILHEUS, BA, ## 45658630
BA;28;RUA FRANCISCO RIBEIRO JUNIOR (BEIRA RIO), 130, ITABUNA, BA, ## 45600100
BA;29;RUA CASTRO ALVES, S/N,  FORUM ALVES DE MACEDO, IBICARAI, BA, ## 45745000
BA;31;FORUM ELEITORAL, RUA GUIDO ARAUJO MAGALHAES, S.N., VALENCA, BA, ## 45400000
BA;34;AV. RIOMAR, 159 - FORUM LUIZ VIANA FILHO, BELMONTE, BA, ## 45800000
BA;37;RUA BARAO DO RIO BRANCO, 91, GALERIA TUPI, MARACAS, BA, ## 45360000
BA;43;RUA BENJAMIN CONSTANT, S/N, TERREO, CASTRO ALVES, BA, ## 44500000
BA;50;RUA DR. MANOEL NOVAES, 400 - FORUM ROGACIANO CORDEIRO DE ANDRADE, MONTE SANTO, BA, ## 48800000
BA;52;PC PEDRO RABELO DE MATOS S/N FORUM DES. MIN. FRANCISCO DIAS TRINDADE, PARIPIRANGA, BA, ## 48430000
BA;53;PRACA 2 DE JULHO- S/N - FORUM DES. ADOLFO  LEITAO GUERRA, CAMPO FORMOSO, BA, ## 44790000
BA;55;RUA WALNIER BAGANO, 37-A, MORRO DO CHAPEU, BA, ## 44850000
BA;56;RUA ALBERTINO LIRA 05, QUINTA DO INGLES, SANTO ANTONIO DE JESUS, BA, ## 44571069
BA;57;PRACA ERMEZINDO MENDES , NUMERO 08, CENTRO, MARAGOGIPE, BA, ## 44420000
BA;59;PRACA EURIPEDES ROCHA LIMA, 281, BAIRRO INDAIA, POCOES, BA, ## 45260000
BA;61;FORUM DURVALINA DE ARAUJO SANTOS - RUA BANDEIRANTES, 501, CORIBE, BA, ## 47690000
BA;65;FORUM JOSE ALCANTARA DE FIGUEIREDO - PRACA MAESTRO ZE PRETO, S/N, MACAUBAS, BA, ## 46500000
BA;66;PRACA TRES, S/N - FORUM DES JOSE MANOEL VIANA DE CASTRO, CASA NOVA, BA, ## 47300000
BA;67;RUA RUY RIBEIRO, N. 109, QUADRA 6, REMANSO, BA, ## 47200000
BA;68;AV. CONTORNO, S/N, FORUM CONS. LUIZ VIANA, XIQUE-XIQUE, BA, ## 47400000
BA;69;PCA WILSON PEIXOTO KARAOGLAN, S/N - FORUM LANDOALDO ARAUJO RIBEIRO, UTINGA, BA, ## 46810000
BA;70;RUA PADRE ALFREDO HASLER, S/N, BARREIRAS, BA, ## 47806245
BA;72;RUA CAP. JOSE ALFAIATE, 215, FORUM DES. JOAQUIM LARANJEIRA, SANTA MARIA DA VITORIA, BA, ## 47640000
BA;73;AV. PRESIDENTE VARGAS, S/N, FORUM DR. PAULO ALMEIDA, UBAITABA, BA, ## 45545000
BA;75;RUA S, S/N - LOTEAMENTO ARATU, BARREIRAS, BA, ## 47800000
BA;80;FORUM ELEITORAL - AV. FRANCISCO ARAUJO DE SOUZA, 397, TUCANO, BA, ## 48790000
BA;83;RUA DA INDEPENDENCIA, SN - FORUM PROF. ROGERIO GORDILHO DE FARIAS, UAUA, BA, ## 48950000
BA;85;PC MONSENHOR JOSE GILBERTO LUNA, S/N - FORUM MOACIR ALFREDO GUIMARAES, CURACA, BA, ## 48930000
BA;86;RUA CASTORINA DE OLIVEIRA NUNES  - FORUM DE MAIRI, MAIRI, BA, ## 44630000
BA;87;FORUM EDGAR MENDES DE QUINTELA, RUA CORINTO SILVA, N. 23, CENTRO, RUY BARBOSA, BA, ## 46800000
BA;93;PRACA JJ SEABRA, SNR, CACULE, BA, ## 46300000
BA;101;RUA JOSE MARIA TANAJURA, 241 - FORUM ELEITORAL DA 101 ZONA, LIVRAMENTO DE NOSSA SENHORA, BA, ## 46140000
BA;102;RUA TEREZINHA LIMA CAMPOS BATISTA, 119 - FORUM ANTONIO B. DE CARVALHO, EUCLIDES DA CUNHA, BA, ## 48500000
BA;104;RUA FILADELFO CARDOSO, 777, FORUM JOSE CARLITO CARNEIRO DOURADO, LAPAO, BA, ## 44905000
BA;105;FORUM SERVENTUARIO EDGAR GODOFREDO CARDOSO - LARGO DO ROSARIO, CENTRO, PIATA, BA, ## 46765000
BA;106;FORUM DES JOAO BALDOINO DE ANDRADE, RUA DR ELZIO FERREIRA DE SOUZA 101, QUEIMADAS, BA, ## 48860000
BA;107;PCA. APIO MEDRADO, S/N - FORUM SALVADOR FIGUEIREDO ANDRADE, SANTA TEREZINHA, BA, ## 44590000
BA;108;RUA AMANCINHO PEDREIRA, NUMERO 13, SAO GONCALO DOS CAMPOS, BA, ## 44330000
BA;112;AV.  PRESIDENTE KENNEDY, S/N, CENTRO - FORUM WALTER LAPA BARRETO, PRADO, BA, ## 45980000
BA;113;PRACA LAURO DE FREITAS - 237, CENTRO, RIACHO DE SANTANA, BA, ## 46470000
BA;114;RUA ANTONIO QUNTINO DA SILVA, 48, TANQUE DA NACAO, RIACHAO DO JACUIPE, BA, ## 44640000
BA;116;FORUM MINISTRO PEDRO DOS SANTOS - PCA. SAO BOAVENTURA, 40 - CENTRO, CANAVIEIRAS, BA, ## 45860000
BA;117;RUA DR. LUIZ GOMES, 100, URANDI, BA, ## 46350000
BA;119;PRACA SAO FRANCISCO DE ASSIS, S/N, FORUM DA COMARCA DE ANDARAI, ANDARAI, BA, ## 46830000
BA;123;R. SETE DE SETEMBRO, 328 - FORUM JULIO OLIVEIRA CARVALHO, ARACI, BA, ## 48760000
BA;129;RUA MINISTRO ERNESTO SIMOES FILHO, 340, CATU, BA, ## 48110000
BA;131;RUA PROFESSORA AUTA ANDRADE SOUZA,251, MURITIBA, BA, ## 44340000
BA;135;RUA ANTONIO TEIXEIRA, N 10, CENTRO, COARACI, BA, ## 45638000
BA;138;PCA LUIS VIANA FILHO, 269, ITARANTIM, BA, ## 45780000
BA;141;AVN DR. ANTONIO CALMON, S/N, ITAPARICA, BA, ## 44460000
BA;145;PRACA AURINO LOPES DA SILVA, S/N., SANTALUZ, BA, ## 48880000
BA;152;RUA PAULINO PRIMO, N. 09, CENTRO, ENCRUZILHADA, BA, ## 45150000
BA;159;RUA CANDIDO PEREIRA DE BRITO - 09, CENTRAL, BA, ## 44940000
BA;161;FORUM ABMAEL DO PRADO NOGUEIRA - AV. AGNELO CARDOSO S/N, ANAGE, BA, ## 45180000
BA;163;AVENIDA AIRTON SENNA S/N - FORUM ELEITORAL, ALAGOINHAS, BA, ## 48030640
BA;164;AVENIDA AYRTON SENNA, S/N - FORUM ELEITORAL, ALAGOINHAS, BA, ## 48030640
BA;165;PRACA MOISES FELIX DOS SANTOS, 145, CENTRO, CANDIDO SALES, BA, ## 45157000
BA;169;FORUM ELIEZER RODRIGUES DE SOUZA - R PROF. STA. VIEIRA DE CASTRO, 106, BARRA DA ESTIVA, BA, ## 46650000
BA;170;FORUM ELEITORAL - AV. DO CONTORNO, S/N - CENTRO ADMINISTRATIVO, CAMACARI, BA, ## 42800610
BA;171;AV. CONTORNO, FORUM ELEITORAL DE CAMACARI, CAB, CAMACARI, BA, ## 42800000
BA;174;AV. FRANCISCO BARBOSA DO NASCIMENTO S/N CENTRO, CANARANA, BA, ## 44890000
BA;175;FORUM DR. ALCEBIADES DIAS LARANJEIRA, - PRACA TIRADENTES, N. 274 - CEN, PALMAS DE MONTE ALTO, BA, ## 46460000
BA;182;PRACA ACM, S/N - FORUM QUINTINO DE CARVALHO CUNHA, RIACHAO DAS NEVES, BA, ## 47970000
BA;186;PRACA DOS TRES PODERES SN LESSA RIBEIRO, DIAS D'AVILA, BA, ## 42850000
BA;191;AVENIDA LUIS EDUARDO MAGALHAES, S/N, FORUM FERNANDO MARIO PIRES DALTRO, CAPIM GROSSO, BA, ## 44695000
BA;197;RUA DR. EDILBERTO QUINTELA VIEIRA LINS, 109, WENCESLAU GUIMARAES, BA, ## 45460000
BA;198;RUA JOSE SERAFIM DE FARIAS, S/N - FORUM DES. WILDE OLIVEIRA LIMA, URUCUCA, BA, ## 45680000
BA;200;PRIMEIRA TRAVESSA ANTONIO BATISTA, S/N, POJUCA, BA, ## 48120000
BA;201;PCA DA BANDEIRA, S/N - FORUM DES MARMORE NETO, ITAMBE, BA, ## 45140000
BA;202;RUA ALBERTINO LIRA, N 05, QUINTA DO INGLES, SANTO ANTONIO DE JESUS, BA, ## 44571069
BA;204;RUA SILVANDIR F. CHAVES, 108 COND. EMPRESARIAL TORRES BUSINESS, LJ 02, LAURO DE FREITAS, BA, ## 42700000
BA;205;RUA PIAUI, 590, EDF. FAINELLO, TERREO, LUIS EDUARDO MAGALHAES, BA, ## 47850000
CE;5;RUA PADRE ANTONIO PINTO, S/N (FORUM DA JUSTICA ESTADUAL), BATURITE, CE, ## 62760000
CE;6;TV TIRADENTES 452 - CALCADAO MANOEL RODRIGUES DA FONSECA, QUIXADA, CE, ## 63900129
CE;9;AVENIDA IRMA MARIA DA GRACA, 294, RUSSAS, CE, ## 62900000
CE;10;AV. 8 DE NOVEMBRO, SN, FORUM LOCAL, JAGUARIBE, CE, ## 63475000
CE;13;RUA JOAQUIM EDILMAR AMARO, 150, BUGI, IGUATU, CE, ## 63501010
CE;20;BR 226, KM 03, SN, CRATEUS, CE, ## 63700000
CE;30;PRACA DO LICEU, S/N - FORUM MONSENHOR SABINO DE LIMA FEIJAO, ACARAU, CE, ## 62580000
CE;31;RUA ZUCA SAMPAIO, S/N - FORUM DE BARBALHA (LAT -7.31934 LON -39.30241), BARBALHA, CE, ## 63180000
CE;35;PCA. DESTRINO CARNEIRO PASSOS, S/N FORUM, VICOSA DO CEARA, CE, ## 62300000
CE;38;RUA MANOEL MORAES, 83 -FORUM, CAMPOS SALES, CE, ## 63150000
CE;42;RUA INTERVENTOR ERIVANO CRUZ, N. 75 (JUAZEIRO DO NORTE), JARDIM, CE, ## 63290000
CE;46;RUA SILVINO SA BENEVIDES, S/N - ESQUINA COM RUA DR. ENEAS SA, MOMBACA, CE, ## 63610000
CE;49;RUA CORONEL CICERO NOGUEIRA 363, PACAJUS, CE, ## 62870000
CE;52;RUA PADRE BARROS, N. 264 (FORUM DA JUSTICA ESTADUAL), REDENCAO, CE, ## 62790000
CE;55;AV. PREF. JOSE SIFREDO PINHEIRO, 108, SOLONOPOLE, CE, ## 63620000
CE;57;PRACA CAP HENRIQUE GONCALVES DA JUSTA SN, PACATUBA, CE, ## 61800000
CE;64;RODOVIA CE 364, KM 61, S/N - FORUM DA JUSTICA COMUM, COREAU, CE, ## 62160000
CE;70;AV. ANTONIO FLORENTINO DE ARAUJO LIMA, S/N, BREJO SANTO, CE, ## 63260000
CE;73;FORUM ELEITORAL - RUA PROFESSORA SINHA MELO, S/N, IBIAPINA, CE, ## 62360000
CE;79;AV. JOSE CASSIMIRO DE ALBUQUERQUE, S/N, FORUM, RERIUTABA, CE, ## 62260000
CE;80;RUA VEREADOR ELISIO FLORENTINO TEIXEIRA, S/N, SABOEIRO, CE, ## 63590000
CE;85;AV. JOSE FARES LOPES, S/N, OROS, CE, ## 63520000
DF;10;SETOR DE INDUSTRIA BERNARDO SAYAO QUADRA 2 AE 1 CONJUNTO A, BRASILIA, DF, ## 71736206
DF;17;AREA ESPECIAL 11 - SETOR CENTRAL (LADO LESTE) - GAMA/DF, BRASILIA, DF, ## 72405000
ES;9;LADEIRA ROSALINA RIBEIRO NUNES, S/N, CENTRO, SANTA LEOPOLDINA, ES, ## 29640000
ES;10;RUA CANTIDIO ROBERTO DE MORAIS, 144, IBATIBA, ES, ## 29395000
ES;12;AV. LAURO FERREIRA PINTO, 575, CENTRO, ALFREDO CHAVES, ES, ## 29240000
ES;13;RUA EMILIANA EMERY, N 41, GUACUI, ES, ## 29560000
ES;17;RODOVIA DO SOL, 2.273 - ED. PARMAGNANI E SILVA - SALAS 04 E 05, ANCHIETA, ES, ## 29230000
ES;25;AVENIDA ARACRUZ, 810 (ESQUINA COM AVENIDA RUI BARBOSA), LINHARES, ES, ## 29900399
ES;28;AV. ARACRUZ, 810 (ESQUINA COM AV. RUI BARBOSA), LINHARES, ES, ## 29900399
ES;39;R. MATIAS BARBOSA DOS SANTOS, 187, PINHEIROS, ES, ## 29980000
ES;40;RUA GREGORIO ZANDONADE, 15, VENDA NOVA DO IMIGRANTE, ES, ## 29375000
ES;49;RUA ATILA VIVACQUA VIEIRA, 148, PRESIDENTE KENNEDY, ES, ## 29350000
ES;50;AV. AMALIA NEGREIRO DE CASTRO, 275, PEDRO CANARIO, ES, ## 29970000
ES;54;AV. JOSE SETTE, S/N, ITACIBA - ATENDIMENTO AO PUBLICO 11H ¿S 18H, CARIACICA, ES, ## 29150410
GO;4;CONJUNTO 11 HC, RUA 11, AREA ESPECIAL, EDIFICIO DO FORUM, NOVO GAMA, GO, ## 72860209
GO;6;AV. MANOEL DIAS MARQUES, QUADRA 62, LOTE 27, FORUM, CAIAPONIA, GO, ## 75850000
GO;9;RUA NOSSA SENHORA DA PENHA QD.01 LT.01/09, FORUM, CORUMBA DE GOIAS, GO, ## 72960000
GO;10;ED. DO FORUM, RUA CUMARI, CORUMBAIBA, GO, ## 75680000
GO;11;RUA ROSALVO OLIMPIO COSTA, SN, AO LADO DO FORUM, FORMOSA, GO, ## 73814085
GO;13;RUA RAUL CAETANO LEAL, LT. 02, INHUMAS, GO, ## 75400000
GO;17;AVENIDA ANA MUNDIM DE FREITAS, QD. 71, LT. 17, N16, AEROPORTO, JARAGUA, GO, ## 76330000
GO;18;RUA DO HIPODROMO ESQ. COM ELIONOR FRANCA N. 590, JATAI, GO, ## 75803018
GO;19;AV. DR NEILOR ROLIM, QD. MOS, LT. 01, LUZIANIA, GO, ## 72815560
GO;20;AV. GOIAS, ESQ. COM RUA 04 E RUA 20, S/N, PALMEIRAS DE GOIAS, GO, ## 76190000
GO;22;AV. PROF. ZILDA DINIZ FONTES N 755 COM RUA 18, MORRINHOS, GO, ## 75650000
GO;25;AV BOULEVARD DOS EUCALIPTOS, AREA PUBLICA MUNICIPAL 2A, QD 2, PIRACANJUBA, GO, ## 75640000
GO;26;RUA DIREITA N 28 EDIFICIO DO FORUM JOSE JOAQUIM DE SA, PIRENOPOLIS, GO, ## 72980000
GO;29;AVENIDA JK., QUADRA 20, LOTE 03 AO LADO DO FORUM, POSSE, GO, ## 73900000
GO;33;RUA 60, AREA ESPECIAL N.6, PRAIA DOS AMORES, VALPARAISO DE GOIAS, GO, ## 72871060
GO;34;AVENIDA TOCANTINS, N. 1101, SALAS 103 E 104, SHOPPING PIGALLE, ANICUNS, GO, ## 76170000
GO;36;RUA GETULIO VARGAS, QD-A, LT-4, CENTRO - PROX. COL.EST.CASTELO BRANCO, CRISTALINA, GO, ## 73850000
GO;39;R. SEN. EMIVAL RAMOS CAIADO, S/N, FORUM DE ITAPACI, ITAPACI, GO, ## 76360000
GO;41;AVENIDA BRASIL, ESQUINA COM A RUA A, AREA 3, NIQUELANDIA, GO, ## 76420000
GO;44;QA 04 MC/MR 9/11-2 PISO SLJ 203  - PREMIER SHOPPNG, PLANALTINA, GO, ## 73752104
GO;47;RUA 05 ESQ COM AV. BAHIA S/N, SAO DOMINGOS, GO, ## 73860000
GO;50;RUA ITALIA ESQUINA COM RUA CALIFORNIA QD. 05  LT.02, URUACU, GO, ## 76400000
GO;51;RUA JAIR SILVA GUIMARAES ESQ. C/ JOAQUIM RODR. ALVES, QD. 3, LT. 1/10, SANTA CRUZ DE GOIAS, GO, ## 75220000
GO;52;RUA SERAFIM AGAPITO, 200 - ED DO FORUM, CUMARI, GO, ## 75760000
GO;54;RUA D. PEDRO I, ESQUINA C/ JOSE BONIFACIO, NEROPOLIS, GO, ## 75460000
GO;56;PRACA JOAO RASSI, 87, CONJ CIDADE NOVA - ED DO FORUM, GUAPO, GO, ## 75350000
GO;57;RUA FRANCISCO TEIXEIRA BARBOSA, QD. 14, LT. 01, ITAUCU, GO, ## 75450000
GO;59;PRACA DA MATRIZ 316 - ED. DO FORUM, AURILANDIA, GO, ## 76120000
GO;60;RUA 3 N. 05, SETOR VISTA ALEGRE, URUTAI, GO, ## 75790000
GO;61;RUA GONCALVES, N. 148, ED. DO FORUM, VIANOPOLIS, GO, ## 75265000
GO;62;AV. AIRTON GONZAGA MIRANDA, QD. AP.-6, LT. 01 - ED. FORUM, HIDROLANDIA, GO, ## 75340000
GO;63;RUA 2, N. 40 (SETOR DA JUSTICA), FIRMINOPOLIS, GO, ## 76105000
GO;64;PRACA MANOEL FERNANDES TEIXEIRA N 44, NAZARIO, GO, ## 76180000
GO;65;AV TENYSSON JUBE DE OLIVEIRA QD 03 LT 01, EDF. FORUM, PETROLINA DE GOIAS, GO, ## 75480000
GO;76;AV. ARAPUA ESQ AV MANDAGUARI - QD 33 TL 16/18. FORUM DE RUBIATABA, RUBIATABA, GO, ## 76350000
GO;77;RUA 45 ESQ. C. RUA 56 E RUA 04 ED. DO FORUM, ITAPURANGA, GO, ## 76680000
GO;79;AVENIDA BRASILIA, QD. 61, EDIFICIO DO FORUM, FAZENDA NOVA, GO, ## 76220000
GO;82;ROD. GO 164, KM 2, SETOR ADOLFO BEZERRA DE MENEZES, MOSSAMEDES, GO, ## 76150000
GO;83;RUA ALCIENE SOARES, QD 33, S/N - ED. DO FORUM, PARANAIGUARA, GO, ## 75880000
GO;85;AV DAS OLIVEIRAS QD 23 ESQ C/ RUA 2.019, CRIXAS, GO, ## 76510000
GO;86;RODOVIA GO 154, KM 155, PERIMETRO URBANO, ITAGUARU, GO, ## 76660000
GO;87;RUA BRIGADEIRO EDUARDO GOMES, ESQUINA COM RUA 124, AREA ESPECIAL, ALEXANIA, GO, ## 72930000
GO;88;RODOVIA GO-239 ESQ.C/ AV.JESUS DE NAZARE, EDIFICIO DO FORUM, MARA ROSA, GO, ## 76490000
GO;91;RUA ALVINO MARQUES, QD. 14, LT. 01, S/N, EDIFICIO DO FORUM, CENTRO, PANAMA, GO, ## 75580000
GO;93;RUA ADEMAR LUIZ DE MIRANDA, Q 32, L01, EDIFICIO DO FORUM., JOVIANIA, GO, ## 75610000
GO;95;RUA REBOUCAS N 685  EDIFICIO DO FORUM, JUSSARA, GO, ## 76270000
GO;96;RUA JOAO VIEIRA MACHADO, N 535, ESQ. RUA GILDA SEVERINO BARBOSA, ITAJA, GO, ## 75815000
GO;98;RUA 11 C/ RUA 6, QD.APM3, LT.AREA1, VARJAO, GO, ## 75355000
GO;99;PRACA DIOGO TELLES CAVALCANTE N 198 EDIFICIO DO FORUM, CAVALCANTE, GO, ## 73790000
GO;100;ALAMEDA LIRIO DO CAMPO, QD 13, LT 01, CARMO DO RIO VERDE, GO, ## 76340000
GO;101;RUA ITAJA, QD 07 - PREDIO DO FORUM, GOIANIRA, GO, ## 75370000
GO;102;AV. LAZARO TEODORO, N 849 - ED. FORUM, PIRANHAS, GO, ## 76230000
GO;103;RODOVIA GO-222, QD. 01, LT. 05, FORUM, SETOR SOL NASCENTE, ARACU, GO, ## 75410000
GO;105;RUA DAS LARANJEIRAS, QUADRA 15-C, LOTE 14, SETOR AEROPORTO, CAMPOS BELOS, GO, ## 73840000
GO;106;AVENIDA JOSE JUNQUEIRA DE ALMEIDA 714, CACU, GO, ## 75813000
GO;109;RUA 20, QD. 78, LT. 04 A 11, ITAPIRAPUA, GO, ## 76290000
GO;112;RUA 46, QD. 10, N. 125, EDIFICIO DO FORUM, RIALMA, GO, ## 76310000
GO;113;AVENIDA 05 DE JANEIRO, ESQ. COM AV. X,  QD. M, LTS 07/15., SANCLERLANDIA, GO, ## 76160000
GO;114;RUA FAUSTINO LINO DE ARAUJO, 721 - ED. DO FORUM, TAQUARAL DE GOIAS, GO, ## 76640000
GO;118;RUA SAO JOAO, QD. 10B, ED. DO FORUM, ESTRELA DO NORTE, GO, ## 76485000
GO;120;RODOVIA GO-060, ESQ. COM AVENIDA RIO CLARO, Q. 13, L. 1-5, ISRAELANDIA, GO, ## 76205000
GO;121;AV. RIO CLARO,  N. 92,  EDIFICIO DO FORUM, IVOLANDIA, GO, ## 76130000
GO;125;RUA MARECHAL HUMBERTO CASTELO BRANCO, S/N  (PREDIO DO FORUM), FORMOSO, GO, ## 76470000
GO;127;AV. T-7, ESQ. COM AV. MUTIRAO, N. 371, 4 ANDAR - SALA 404, GOIANIA, GO, ## 74140110
GO;128;RUA JOAO LEMOS SOBRINHO, 31- ED. FORUM, ACREUNA, GO, ## 75960000
GO;135;AV. T-7, C/ MUTIRAO, NR 371, QD.R-34, LT.1, 4 ANDAR, LOURENCO OFFICE, GOIANIA, GO, ## 74140110
GO;136;AV. T-7 ESQ. C/ AV. MUTIRAO, N.371, SALA 408, ED. LOURENCO OFFICE, GOIANIA, GO, ## 74140110
GO;138;AV. PAPA JOAO PAULO II, N. 300, ITUMBIARA, GO, ## 75528370
GO;139;AV. DR. NEILOR ROLIN, QD. MOS, LT. 01, LUZIANIA, GO, ## 72815560
GO;142;AVENIDA DO NIQUEL, AREA INSTITUCIONAL 06, EDIFICIO DO FORUM, BARRO ALTO, GO, ## 76390000
MA;8;FORUM DES. CAETANO MARTINS JORGE - RUA DA SALVACAO, S/N, COROATA, MA, ## 65415000
MA;9;RUA DAS LARANJEIRAS, N 1477, GOIABAL, PEDREIRAS, MA, ## 65725000
MA;11;TRAVESSA VEREADOR CARLOS LUSTOSA, NR 330, ALTO PARNAIBA, MA, ## 65810000
MA;15;FORUM ELEITORAL JUIZ ANTONIO EDUARDO OLIVEIRA NAVA RODOVIA BR 226, S/N, GRAJAU, MA, ## 65940000
MA;23;RUA MISSIONARIO PERRIM SMITH S/N, BARRA DO CORDA, MA, ## 65950000
MA;26;FORUM  DE CAROLINA - AV. ELIAS BARROS, S/N, CAROLINA, MA, ## 65980000
MA;29;AV.BURITI BRAVO, KM02, MA 132, S/N., COLINAS, MA, ## 65690000
MA;30;AV. JOSE BRUNO DE BARROS N . 1268, GUIMARAES, MA, ## 65255000
MA;31;FORUM JUIZ SAI LUIZ CHUNG- RUA BARAO DO RIO BRANCO, S/N, ICATU, MA, ## 65170000
MA;33;LOTEAMENTO JUSCELINO KUBITSCHEK, QUADRA 17-A, SN, IMPERATRIZ, MA, ## 65913420
MA;37;FORUM DES. SARNEY DE ARAUJO COSTA - PRACA JOSE SARNEY N 307, PINHEIRO, MA, ## 65200000
MA;38;FORUM DR. JOAQUIM SILVESTRE TRINTA -  RUA FRANCISO XAVIER, SN, SAO BENTO, MA, ## 65235000
MA;39;AVENIDA SANTOS DUMONT SN - FORUM, TURIACU, MA, ## 65278000
MA;41;RUA TEODORO FERREIRA, S/N, FORUM DES. CARLOS CESAR DE BERREDO MARTINS, VITORIA DO MEARIM, MA, ## 65350000
MA;42;FORUM ELEITORAL DA 42 ZONA  - RUA JUSCELINO KUBITSCHEK - S/N, CHAPADINHA, MA, ## 65500000
MA;43;CARTORIO ELEITORAL - PRACA DO ESTUDANTE SN CENTRO, PINDARE-MIRIM, MA, ## 65370000
MA;44;AV. AEROPORTO, S/N, BAIRRO AEROPORTO, PASSAGEM FRANCA, MA, ## 65680000
MA;50;FORUM ELEITORAL - RUA  HORACIO GONCALVES S/N, VARGEM GRANDE, MA, ## 65430000
MA;55;TV. SAO SEBASTIAO, 687, CARUTAPERA, MA, ## 65295000
MA;59;FORUM ELEITORAL JUIZ ADONIAS LUCAS DE LACERDA, BR 135, KM 495., PARAIBANO, MA, ## 65670000
MA;65;LOTEAMENTO JUSCELINO KUBITSCHEK, QUADRA 17 A, S/N, IMPERATRIZ, MA, ## 65913420
MA;68;FORUM ELEITORAL DES. CAETANO MARTINS JORGE - RUA DA SALVACAO S/N, COROATA, MA, ## 65415000
MA;71;AV. DR. JOSE EDILSON CARIDADE RIBEIRO, S/N, ACAILANDIA, MA, ## 65930000
MA;74;RUA JOSEANE SALES,177A, LAGO DA PEDRA, MA, ## 65715000
MA;79;ESTRADA DE ACESSO AO MIL REIS, SN, TUNTUM, MA, ## 65763000
MA;82;RUA SAO SEBASTIAO, S/N, PROX. A DELEGACIA, ESTREITO, MA, ## 65975000
MA;83;RUA DEP. LUIS ROCHA, SN, SANTA HELENA, MA, ## 65208000
MA;85;RUA PROFESSOR MIGUEL MESQUITA  S/N, CENTRO PROX. DO INSS, TIMBIRAS, MA, ## 65420000
MA;87;AV. AZEVEDO FILHO, SETOR 1, ZONA NORTE., OLHO D'AGUA DAS CUNHAS, MA, ## 65706000
MA;92;LOTEAMENTO JUSCELINO KUBITSCHEK QD 17 A S/N, IMPERATRIZ, MA, ## 65913420
MA;93;AV. 12, QD 120, RUA 57 - MAIOBAO, PACO DO LUMIAR, MA, ## 65137000
MA;95;RUA NIVEL MEDIO, 08 - CENTRO, BURITICUPU, MA, ## 65393000
MA;96;RUA NUNES GARCIA, 54, CONJUNTO HABITAR BRASIL, ZE DOCA, MA, ## 65365000
MA;97;RUA MISSIONARIO PERRIN SMITH S/N, BARRA DO CORDA, MA, ## 65950000
MA;98;AV. DR. JOSE EDILSON CARIDADE RIBEIRO, S/N, ACAILANDIA, MA, ## 65930000
MA;104;RUA BARAO DE GRAJAU, SN, ARAME, MA, ## 65945000
MA;106;AVENIDA FREDERICO PEIXOTO, SN, CENTRO, PINHEIRO, MA, ## 65200000
MG;3;RUA CONCESSO BARBOSA, 07, CENTRO, ACUCENA, MG, ## 35150000
MG;13;RUA OTAVIO TEIXEIRA BARBOSA, 51 - CENTRO, ANDRADAS, MG, ## 37795000
MG;14;PRACA MANOEL TEODORO, 41, ANDRELANDIA, MG, ## 37300000
MG;21;AVENIDA ARMANDO FRANCO, 186 - SALAS/36, 38 E 40, BAMBUI, MG, ## 38900000
MG;22;RUA PADRE CRUZ, ESQUINA COM RUA WALDIR SOEIRO HENRICH, N. 169, BARAO DE COCAIS, MG, ## 35970000
MG;44;RUA CELESTINO JOSE , 67, BOCAIUVA, MG, ## 39390000
MG;46;RUA ANTONIO CARLOS DE CARVALHO, 72, BOM SUCESSO, MG, ## 37220000
MG;48;RUA FRANCISCO ALVARO SOBREIRO, 654, BORDA DA MATA, MG, ## 37564000
MG;49;PRACA MOZART XAVIER LOPES, 91, BOTELHOS, MG, ## 37720000
MG;57;PRACA ANDRE AMARANTE, 235, CALDAS, MG, ## 37780000
MG;65;PRACA JOSINO DE BRITO, N 262, CAMPOS GERAIS, MG, ## 37160000
MG;66;RUA 10, 563, CENTRO (EM FRENTE AO FORUM), CANAPOLIS, MG, ## 38380000
MG;73;PRACA GETULIO VARGAS, 68, CARLOS CHAGAS, MG, ## 39864000
MG;95;RUA CORONEL RICARDO GREGORIO, 232, CENTRO.(EM FRENTE A PRACA DA FONTE), CORINTO, MG, ## 39200000
MG;107;RUA CAPITAO AMERICO TAVEIRA, 189, LOJA 01, ERVALIA, MG, ## 36555000
MG;115;RUA JOAO CATULINO DE ANDRADE, 546, FRANCISCO SA, MG, ## 39580000
MG;124;RUA 25 DE MARCO , 80, GUARANI, MG, ## 36160000
MG;125;AVENIDA PREFEITO ANIBAL RIBEIRO DO VALE,150, GUAXUPE, MG, ## 37800000
MG;130;AV. ZITA SOARES DE OLIVEIRA, 134, IPATINGA, MG, ## 35160007
MG;131;AV. ZITA SOARES DE OLIVEIRA, 134, IPATINGA, MG, ## 35160007
MG;138;PRACA DA MATRIZ, 89, CENTRO, ITANHOMI/MG, ITANHOMI, MG, ## 35120000
MG;146;PRACA FRANCISCO RUBIM, 116 - TERREO, JACUTINGA, MG, ## 37590000
MG;158;RUA DR. SIDNEY HUBNER FRANCA CAMARGO, 127, LAJINHA, MG, ## 36980000
MG;168;AV. JK, N 454, MANHUMIRIM, MG, ## 36970000
MG;212;PRACA PREFEITO SIMAO CARLOS PEREIRA, 234, PECANHA, MG, ## 39700000
MG;221;PRACA DOUTOR GOUVEA, 156-A, POCO FUNDO, MG, ## 37757000
MG;226;PRACA RAIMUNDO BOAVENTURA COSTA, 25, PORTEIRINHA, MG, ## 39520000
MG;229;RUA JOB FERREIRA MACEDO, 45, PRATA, MG, ## 38140000
MG;235;RUA DR. BASILIO FURTADO, 70 - SALAS 12/13/14 - CENTRO, RIO NOVO, MG, ## 36150000
MG;237;PRACA DOUTOR BENEDITO VALADARES, 220, RIO PARDO DE MINAS, MG, ## 39530000
MG;238;PRACA CORONEL DURVAL DE BARROS 76, RIO PIRACICABA, MG, ## 35940000
MG;265;PRACA HORACIO GUIMARAES, 03, SILVIANOPOLIS, MG, ## 37589000
MG;282;RUA GOMES BARBOSA, 865 - SALA 210 - FORUM DO TJ MG, VICOSA, MG, ## 36570000
MG;287;RUA NAGIB MILEIB, 265, CARMO DO CAJURU, MG, ## 35557000
MG;290;RUA CORONEL AMARO ACELINO DE ANDRADE, 17, MIRADOURO, MG, ## 36893000
MG;295;AV. CASTELO BRANCO, 250, SALA 10, CAC, VAZANTE, MG, ## 38780000
MG;305;RUA TEOFILO OTONE CUNHA, 149, ITAGUARA, MG, ## 35488000
MG;338;RUA TUPINAMBAS, 44, BELO VALE, MG, ## 35473000
MG;340;RUA JERONIMO CARNEIRO 584, NOVA PONTE, MG, ## 38160000
MG;342;PRACA PLATAO, 399 - CENTRO, MONTALVANIA, MG, ## 39495000
MG;344;PRACA SANTANA N. 120 - TERREO (PALACIO DOS TRES PODERES), BARROSO, MG, ## 36212000
MG;348;AVENIDA ZITA SOARES DE OLIVEIRA, 134, IPATINGA, MG, ## 35160007
MS;6;RUA ODORILHO FERREIRA, 248, BATAGUASSU, MS, ## 79780000
MS;26;RUA DA SAUDADE, 1048, SONORA, MS, ## 79415000
MS;27;RUA FRANCISCO PIERETTI, 211, IVINHEMA, MS, ## 79740000
MS;41;RUA BARTOLOMEU VIANA CAVALCANTE, 183, BRASILANDIA, MS, ## 79670000
MT;4;RUA CAMPOS SALES, N 17, POCONE, MT, ## 78175000
MT;7;RUA BENEDITO MOREIRA DA SILVA - QD 02 - N. 230, DIAMANTINO, MT, ## 78400000
MT;12;RUA JOAO PESSOA, N. 1702, SALA 02, ED. FERRARI, CAMPO VERDE, MT, ## 78840000
MT;16;AV. PERIMETRAL SUL ESQUINA C/ RUA 21 DE ABRIL, N 266, VILA RICA, MT, ## 78645000
MT;23;RUA TAPIRAPES, 165, SETOR LESTE, CENTRO, COLIDER, MT, ## 78500000
MT;25;AVENIDA MINAS GERAIS, 1359, ED. ANTHONNY, SALAS 01 E 02 - CHACARA 2B, PONTES E LACERDA, MT, ## 78250000
MT;33;RUA WILMAR ANTONIO MAIA DE SOUZA PINTO, LOTE 12, QUADRA 05, PEIXOTO DE AZEVEDO, MT, ## 78530000
MT;42;AV. JAU, N. 1450, SALA 01 - ESQUINA AV. PIRAMBOIA, SAPEZAL, MT, ## 78365000
MT;43;RUA CANOAS 583 (AO LADO DO FORUM), SORRISO, MT, ## 78890000
MT;46;AV FILINTO MULLER ESQ. C/ AV SAO JOAO, RONDONOPOLIS, MT, ## 78720605
MT;47;RUA JOSE NOBREGA DA SILVA, S/ N., AO LADO DO FORUM, BARRA DO GARCAS, MT, ## 78600000
MT;48;RUA INGRID EGGERTT, 214, COTRIGUACU, MT, ## 78330000
MT;50;AV. RONDONOPOLIS, S/N, ED. COMERCIAL BOING, NOVA MONTE VERDE, MT, ## 78593000
PA;2;PRACA DA MATRIZ, S/N (FORUM), CACHOEIRA DO ARARI, PA, ## 68840000
PA;3;6 RUA, SN - ENTRE TRAV. 13 E 14, SOURE, PA, ## 68870000
PA;6;RUA DEP. GRACIANO ALMEIDA, N. 10, BAIXA VERDE, IGARAPE-MIRI, PA, ## 68430000
PA;39;AVENIDA BENIGNO GOES FILHO, S/N, TOME-ACU, PA, ## 68680000
PA;40;AV. MICHEL DIB TACHY, S/N - 08 ¿S 13 H., TUCURUI, PA, ## 68459882
PA;44;RUA 02 DE FEVEREIRO, SN, PORTEL, PA, ## 68480000
PA;51;PRACA DA BANDEIRA, 70, RONDON DO PARA, PA, ## 68638000
PA;59;RUA MANOEL VICENTE PEREIRA, QUADRA 22, SN, REDENCAO, PA, ## 68552760
PA;61;VIA GILSON DANTAS, S/N, CENTRO - 8H ¿S 13H, XINGUARA, PA, ## 68555000
PA;71;RUA JOAQUIM NEPOMUCENO S/N (PROXIMO A LOTERICA), IRITUIA, PA, ## 68655000
PA;72;CIDADE NOVA II,  WE 16 - EM FRENTE ¿ ESCOLA DR. AGOSTINHO MONTEIRO, ANANINDEUA, PA, ## 67130440
PA;82;RUA SIMPLICIANO FARIAS, 1445, PORTO DE MOZ, PA, ## 68330000
PA;85;RUA DOZE DE MAIO, 1.045 - CENTRO - ATENDIMENTO AO PUBLICO DE 8H AS 13H, MEDICILANDIA, PA, ## 68145000
PA;94;TV. CEZARIO ALVES N 501, ESQUINA  COM PA 252 KM 01, ACARA, PA, ## 68690000
PA;106;RUA D , QD 37 LT 26 E 27  ENTRE AS RUAS 6 E 8, PARAUAPEBAS, PA, ## 68515000
PB;5;PRACA 31 DE MARCO, S/N (FORUM), PILAR, PB, ## 58338000
PB;8;RUA PREFEITO FRANCISCO LUCAS DE SOUZA RANGEL, INGA, PB, ## 58380000
PB;11;PRACA DO TRABALHO, SN, AREIA, PB, ## 58397000
PB;14;RUA ADJALMA EPITACIO, S/N, BANANEIRAS, PB, ## 58220000
PB;16;RUA RIO GRANDE DO SUL S/N - COMPLEXO JUDICIARIO, CAMPINA GRANDE, PB, ## 58414025
PB;18;PRACA JOAO PESSOA, 25 - TERREO, UMBUZEIRO, PB, ## 58497000
PB;19;RUA CICERO GALDINO SOBRINHO, 56, ESPERANCA, PB, ## 58135000
PB;20;RUA LUIZ TARGINO MOREIRA, S/N,, ARARUNA, PB, ## 58233000
PB;30;RUA TEN. MANOEL DE OLIVEIRA LIRA, S/N, TEIXEIRA, PB, ## 58735000
PB;31;RUA PROFESSORA MARIA CLAUDETE BANDEIRA DE SOUSA, 307, POMBAL, PB, ## 58840000
PB;32;RUA VIRGILIO DE ARAUJO SILVA, SN, PIANCO, PB, ## 58765000
PB;33;RUA FELINTO EVANGELISTA PRIMO, 49,  ANEXO AO FORUM LOCAL, ITAPORANGA, PB, ## 58780000
PB;35;FORUM ELEITORAL DES. WALTER SARMENTO DE SA - RUA HAROLDO NAZARETH, SN, SOUSA, PB, ## 58804718
PB;39;RUA MAE UMBELINA, 180 - TERREO - CENTRO - BONITO DE SANTA FE/PB, BONITO DE SANTA FE, PB, ## 58960000
PB;46;RUA MARIA CANDIDA DE SENA, S/N, ALAGOINHA, PB, ## 58390000
PB;54;RODOVIA PB 055, KM 74, BELEM, PB, ## 58255000
PB;56;PRACA JOAO PESSOA, S/N (FORUM), JUAZEIRINHO, PB, ## 58660000
PB;59;RUA EUNICE RIBEIRO 372 TERREO, QUEIMADAS, PB, ## 58475000
PB;63;RUA HAROLDO NAZARETH, S/N, SOUSA, PB, ## 58804718
PB;66;RUA VIRGILIO DE ARAUJO SILVA, SN, PIANCO, PB, ## 58765000
PB;68;AV. COMANDANTE VITAL ROLIM, S/N (ANEXO AO FORUM), CAJAZEIRAS, PB, ## 58900000
PE;3;AVENIDA DOUTOR JOSE RUFINO, 1643, SALA 11 (NA ENTRADA DE JARDIM UCHOA), RECIFE, PE, ## 50900660
PE;15;ANTIGA BR 101 - SUL - KM 33 - LOT. AD/DIPER, APOS O ASA BRANCA, CABO DE SANTO AGOSTINHO, PE, ## 54510450
PE;21;AV. RUI BARBOSA, 249 (NA RUA DA PREFEITURA, EM FRENTE AO ANTIGO FORUM), GLORIA DO GOITA, PE, ## 55620000
PE;24;LOTEAMENTO OTACIO DE LEMOS VASCONCELOS S/N- FORUM, LIMOEIRO, PE, ## 55700000
PE;27;RUA PASCOAL CARRAZZONE, 198, ITAMBE, PE, ## 55920000
PE;28;PRACA ELISEU LINS DE ANDRADE S/N (FORUM DA CIDADE), RIBEIRAO, PE, ## 55520000
PE;29;RUA JOSE BARRADAS, 81, GAMELEIRA, PE, ## 55530000
PE;30;RUA MANOEL ANTONIO DE SOUZA 15 A - PROXIMO AO CERU, GRAVATA, PE, ## 55640000
PE;34;RUA EUCLIDES JOSE DA SILVA, 145 - NA RUA DO 22 BPM, SURUBIM, PE, ## 55750000
PE;35;AV. DR JOSE SALES SOBRINHO, 21, BEZERROS, PE, ## 55660000
PE;39;RUA ESMERALDINO BANDEIRA, 66 - CENTRO (EM FRENTE ¿ BIBLIOTECA PUBLICA), BONITO, PE, ## 55680000
PE;49;BR 104, KM 115 - FORUM DE PANELAS, PANELAS, PE, ## 55470000
PE;50;AV. CEL. ZUZA BARROS, 2501, TABIRA, PE, ## 56780000
PE;52;AV. MANOEL CANDIDO, S/N, SAO BENTO DO UNA, PE, ## 55370000
PE;57;RUA ORLANDO BISPO DE QUEIROZ, S/N, SAO MIGUEL, PROX. CHURRASCARIA 2000, ARCOVERDE, PE, ## 56509330
PE;62;RUA DOS GUARARAPES, 20, (PRACA DE EVENTOS), SERTANIA, PE, ## 56600000
PE;83;AV. DONA JUSTINA FREIRE DE SOUZA, S/N, PETROLINA, PE, ## 56306415
PE;89;AV CONEGO FREDERICO, 53 - TERREO, TACARATU, PE, ## 56480000
PE;94;PRACA JOAQUIM NABUCO, 112-D CENTRO PROXIMO ¿ PREFEITURA, LAJEDO, PE, ## 55385000
PE;95;RUA JOSE LUIZ DA SILVEIRA BARROS, N. 150, CENTRO (VIZINHO AO FORUM), CUPIRA, PE, ## 55460000
PE;98;RUA JOSE MARTINS, 286 - NA RUA DA IGREJA., CARNAIBA, PE, ## 56820000
PE;106;RUA OLIVIO FERREIRA DE AZEVEDO, 263 (PROXIMO HOSPITAL UNIMED), CARUARU, PE, ## 55016839
PE;111;AVENIDA MANOEL JOSE DA COSTA FILHO, SITUADO NO FORUM ESTADUAL DE JOAQU, JOAQUIM NABUCO, PE, ## 55535000
PE;115;RUA SIQUEIRA CAMPOS, 37, CENTRO (NA RUA POR TRAS DA IGREJA MATRIZ), CACHOEIRINHA, PE, ## 55380000
PE;116;AVENIDA JOSE CLEMENTE DA ROCHA, S/N, SAO JOAO, PE, ## 55435000
PE;123;AV. 18 DE COPACABANA, FORUM DR. JOSE FOERSTER, S/N, CENTRO, SANHARO, PE, ## 55250000
PE;124;PRACA NOSSA SENHORA DA CONCEICAO, N 55, JUREMA, PE, ## 55480000
PE;130;RUA APRIGIO INACIO CORDEIRO - FORUM DE CAPOEIRAS, CAPOEIRAS, PE, ## 55365000
PE;139;LOTEAMENTO NOVA MARAIAL, S/N, PREDIO FORUM. MARAIAL/PE, MARAIAL, PE, ## 55405000
PE;140;RUA DR. MIGUEL BRAZ - FORUM JOAO DAVID DE SOUZA - ANEXO, SANTA MARIA DO CAMBUCA, PE, ## 55765000
PE;145;AVENIDA DONA JUSTINA FREIRE DE SOUZA, 213, PETROLINA, PE, ## 56306415
PI;31;AVENIDA VENANCIO BORGES, NR 489 - CENTRO, PALMEIRAIS, PI, ## 64420000
PI;42;PRACA PROFESSOR MUNDICO COSTA, 150, ALTO LONGA, PI, ## 64360000
PI;50;RUA 01 S, S/N - CENTRO, CONCEICAO DO CANINDE, PI, ## 64740000
PI;53;RUA PREFEITO ANTONIO MORAES E SILVA, 69, COCAL, PI, ## 64235000
PI;59;AV. ARTHUR DA COSTA E SILVA, 1427, CRISTINO CASTRO, PI, ## 64920000
PI;64;PRACA VEREADOR JOAO DE SOUSA LEAL, 545, INHUMA, PI, ## 64535000
PI;66;FORUM JUDICIAL, PRACA SANTANA, SN, SANTA CRUZ DO PIAUI, PI, ## 64545000
PI;69;RUA TANCREDO NEVES, S/N - FORUM DA COMARCA, CRISTALANDIA DO PIAUI, PI, ## 64995000
PI;74;RUA ABDON PORTELA, 17, FRANCINOPOLIS, PI, ## 64520000
PI;78;RUA GETULIO VARGAS 208 CENTRO, ANTONIO ALMEIDA, PI, ## 64855000
PI;87;FORUM JEFFERSON CARVALHO LOPES DA SILVA, PCA. DIRNO PIRES FERREIRA, MARCOS PARENTE, PI, ## 64845000
PR;7;RUA EXPEDICIONARIO PEDRO PAULIN S/NR, CERRO AZUL, PR, ## 83570000
PR;10;AV. JOAO JOSLIN DO VALE, 1250 - FORUM ELEITORAL, LAPA, PR, ## 83750000
PR;16;RUA RAIMUNDO FEIJO GAIAO, S/N, CASTRO, PR, ## 84172560
PR;17;RODOVIA PR 340, S/N, FORUM ELEITORAL, AO LADO DA ESCOLA AROLDO, TIBAGI, PR, ## 84300000
PR;18;RUA HELARINA LUIZA DE MATOS, S/N, JAGUARIAIVA, PR, ## 84200000
PR;19;RUA CONS. AVELINO A. VIEIRA, 556 - FORUM DES ERNANI ALMEIDA DE ABREU, TOMAZINA, PR, ## 84935000
PR;32;RUA CAPITAO PAULO DE ARAUJO, 657, ESQUINA COM RUA AVELINO MAZALOTTI, PALMAS, PR, ## 85555000
PR;39;RUA ERNESTINA CASTRO LANHOSO, ESQUINA R LIBORIO DE PAULA MILLEO, S/N, RESERVA, PR, ## 84320000
PR;51;PROLONGAMENTO DA RUA XV DE NOVEMBRO , S/N, MORRETES, PR, ## 83350000
PR;52;RUA VEREADOR PEDRO VAGNER, 05, SAO JOAO DO TRIUNFO, PR, ## 84150000
PR;56;RUA JOSE SALLES, 210 - FORUM ELEITORAL, CARLOPOLIS, PR, ## 86420000
PR;64;RUA ALMERINDA RODRIGUES DOS SANTOS S/N ESQUINA COM A RUA MARANHAO, JAGUAPITA, PR, ## 86610000
PR;70;RUA JOSE MIGUEL LOPES VILLAR, 330, JANDAIA DO SUL, PR, ## 86900000
PR;82;RUA SYNESIO ANDRADE BORGES, 565, RIBEIRAO DO PINHAL, PR, ## 86490000
PR;83;AV. BRASIL - 03 - FORUM ELEITORAL, SANTO ANTONIO DO SUDOESTE, PR, ## 85710000
PR;84;AV. PARANA ESQUINA COM RUA PROF CECILIA ASSUMPCAO AVELAR, URAI, PR, ## 86280000
PR;86;AV. BRASIL, 4220 - PRACA AGENOR BORTOLON, CRUZEIRO DO OESTE, PR, ## 87400000
PR;91;RUA MARIO XAVIER DE SOUZA, 1248, PARANACITY, PR, ## 87660000
PR;100;RUA PROJETADA SN, AOS FUNDOS DO FORUM ESTADUAL, PARAISO DO NORTE, PR, ## 87780000
PR;105;AVENIDA LUIZ GUALTIERRE, 615, TERRA RICA, PR, ## 87890000
PR;108;AV. PREFEITO NICANOR FERREIRA DE MELLO, 265, NOVA FATIMA, PR, ## 86310000
PR;109;RODOVIA ANTONIO DA SILVA MACHADO, SN - FORUM ELEITORAL, SANTA MARIANA, PR, ## 86350000
PR;115;AV. DEDI BARRICHELLO MONTAGNER, 880 - FORUM ELEITORAL, DOIS VIZINHOS, PR, ## 85660000
PR;117;AV. ROQUE GONZALES, 215 - FORUM ESTADUAL, XAMBRE, PR, ## 87535000
PR;128;AVENIDA CURITIBA, N. 451 - FORUM ELEITORAL JAIR FAXINA, ALTO PIQUIRI, PR, ## 87580000
PR;129;FORUM ELEITORAL GOYA CAMPOS - RUA ANGELO CATTANI, S/N, SANTA HELENA, PR, ## 85892000
PR;130;RUA PEDRO AMERICO, 3545 -  FORUM ELEITORAL DR. HERALDO VIDAL CORREIA, REALEZA, PR, ## 85770000
PR;131;RUA LIRIO JOAO BARZOTTO, 647, BARRACAO, PR, ## 85700000
PR;135;AV. DONA PEROLA BYINGTON, N 1850 -FORUM ELEITORAL JOSE MARCOS DE MOURA, PEROLA, PR, ## 87540000
PR;140;RUA IGNACIO FELIPE, 10 - FORUM ELEITORAL, MARMELEIRO, PR, ## 85615000
PR;141;AV. SAO PAULO, 691- FORUM ELEITORAL, IRETAMA, PR, ## 87280000
PR;151;RUA JOSE SCHOLTZ  NUMERO 201, ESQUINA COM OSORIO ALVES, SAO JOAO, PR, ## 85570000
PR;162;RUA DONA ROZA OENNING, S/N, SALTO DO LONTRA/PR, SALTO DO LONTRA, PR, ## 85670000
PR;166;RUA 25 DE JULHO, S/N - FORUM ELEITORAL, CATANDUVAS, PR, ## 85470000
PR;169;RUA ALFREDO BENTO, N 160, CAMPINA DA LAGOA, PR, ## 87345000
PR;170;RUA ITACIL MARTINS, 405, MAMBORE, PR, ## 87340000
PR;194;RUA ANTONINA, S/N - ESQUINA COM R. WALDIR M‹LLER, MATINHOS, PR, ## 83260000
PR;202;RUA DES. ANTONIO F. F. DA COSTA - 3585 - CENTRO CIVICO, UMUARAMA, PR, ## 87501200
RJ;26;PRACA GETULIO VARGAS, 89/97 - ANTIGO FORUM, NOVA FRIBURGO, RJ, ## 28610175
RJ;32;RODOVIA LINHA VERDE, QUADRA X, LOTE 1 - CONDOMINIO INDUSTRIAL, RIO BONITO, RJ, ## 28800000
RJ;34;AVENIDA JOAO JASBICK, S/N - EDIFICIO DO FORUM, SANTO ANTONIO DE PADUA, RJ, ## 28470000
RJ;43;RUA VIGARIO JOAO BATISTA, 14 - EDIFICIO DO FORUM, NATIVIDADE, RJ, ## 28380000
RJ;45;RUA PREFEITO SINVAL AUGUSTO FERREIRA DA SILVA, 151 - LOJA 03, PORCIUNCULA, RJ, ## 28390000
RJ;49;RUA DALMO COELHO GOMES, N 1, SALA 311, PREDIO DO FORUM, CACHOEIRAS DE MACACU, RJ, ## 28680000
RJ;51;RUA FUED ANTONIO, 8 - ANEXO AO EDIFICIO DO FORUM, CONCEICAO DE MACABU, RJ, ## 28740000
RJ;56;RUA ALBERTO TORRES, 114 - EDIFICIO DO FORUM, MENDES, RJ, ## 26700000
RJ;60;RUA JOAO LUIZ DAFLON, 65 - TERREO, SAO SEBASTIAO DO ALTO, RJ, ## 28550000
RJ;70;RUA PEDRO CANEPA, 132, PARACAMBI, RJ, ## 26600000
RJ;72;RUA VISCONDE DE SEPETIBA 987 - 2 ANDAR FUNDOS, NITEROI, RJ, ## 24020206
RJ;73;RUA FERREIRA CESAR, 480 - EDIFICIO DO FORUM, LAJE DO MURIAE, RJ, ## 28350000
RJ;106;RUA JOAQUIM SOARES MONTEIRO, 001 - EDIFICIO DO FORUM, ITAOCARA, RJ, ## 28570000
RJ;111;RUA ARAUJO LEITE , 166  - EDIFICIO DO FORUM - SALA 01 - TERREO, VALENCA, RJ, ## 27600000
RJ;112;AV. DEPUTADO LUIZ FERNANDO LINHARES, 1020, 3 PAVIMENTO - FORUM, MIRACEMA, RJ, ## 28460000
RJ;120;RUA TAQUAREMBO S/N- 2 ANDAR (REGIONAL DE CAMPO GRANDE), RIO DE JANEIRO, RJ, ## 23070140
RJ;130;ROD. AFONSO CELSO, S/N - PRACA DOS TRES PODERES - FORUM, SAO FRANCISCO DE ITABAPOANA, RJ, ## 28230000
RJ;131;AV. LUCAS EVANGELISTA DE OLIVEIRA FRANCO, 437 (ANTIGO FORUM), VOLTA REDONDA, RJ, ## 27215630
RJ;139;RUA JOAO BATISTA EVANGELISTA S/N - CENTRO DE ENGENHEIRO PEDREIRA, JAPERI, RJ, ## 26423290
RJ;144;RUA VISCONDE DE SEPETIBA 987 - 3 ANDAR - FUNDOS, NITEROI, RJ, ## 24020206
RJ;149;ESTRADA DO BANANAL, 2336, LJS. 1 E 2, GUAPIMIRIM, RJ, ## 25946440
RJ;156;RUA DR MARIO GUIMARAES, 968 - ED. DO FORUM - ANEXO - 4 ANDAR, NOVA IGUACU, RJ, ## 26255230
RJ;158;RUA DR MARIO GUIMARAES, 968 - ED. DO FORUM - ANEXO - 4 ANDAR, NOVA IGUACU, RJ, ## 26255230
RJ;161;RUA LUCENA, S/N,OLARIA (ANTIGO FORUM,ATRAS DO CLUBE OLARIA) 21.021-320, RIO DE JANEIRO, RJ, ## 21021320
RJ;167;ESTRADA DO CAMBOATA 2300, SALAS 201/203-GUADALUPE SHOPPING, RIO DE JANEIRO, RJ, ## 21665001
RJ;172;ESTRADA DA USINA RUA DOIS S/N EDIFICIO DO FORUM, ARMACAO DOS BUZIOS, RJ, ## 28950000
RJ;192;RUA ORCADAS 435 - SALA 12 - XX RA (SUBPREFEITURA DA ILHA DO GOVERNADOR, RIO DE JANEIRO, RJ, ## 21920257
RJ;196;RUA SENHOR DOS PASSOS, 37 - EDIFICIO DO FORUM, SAO JOSE DO VALE DO RIO PRETO, RJ, ## 25780000
RJ;225;BR 465, 310, SALA 208 (PREDIO DO FORUM), SEROPEDICA, RJ, ## 23890001
RJ;256;RUA RUI BARBOSA, 608, SOBRELOJA, CABO FRIO, RJ, ## 28907170
RN;6;ALAMEDA DO V CENTENARIO DO BRASIL, 66, CENTRO-FORUM DES. EDGAR BARBOSA, CEARA-MIRIM, RN, ## 59570000
RN;10;AV. ARTHUR FERREIRA DA SOLEDADE, S/N, RODOVIA RN-120, ALTO DO FERREIRA, JOAO CAMARA, RN, ## 59550000
RN;16;AV. LOURENCO DA ROCHA, 122, SANTA CRUZ, RN, ## 59200000
RN;21;RUA FRANCISCO CICERO, 14, CENTRO, FLORANIA-RN., FLORANIA, RN, ## 59335000
RN;22;RUA ADALBERTO BRAZ, 63, ACARI, RN, ## 59370000
RN;24;FORUM ELEITORAL JUIZ JERONIMO ROSADO NETO - RUA MANOEL VIRGILIO, PARELHAS, RN, ## 59360000
RN;28;RUA ARISTOFANES FERNANDES, 25 - CENTRO (PALACIO MANOEL DE MATOS), SANTANA DO MATOS, RN, ## 59520000
RN;35;RUA FRANCISCO ROBERTO CARLOS DE MORAIS, 89, APODI, RN, ## 59700000
RN;39;RUA PEDRO ABILIO,  271 (ESQUINA COM A RUA PEDRO AMORIM), UMARIZAL, RN, ## 59865000
RN;41;RUA PADRE ERISBERTO, S/N, NOVO HORIZONTE, ALEXANDRIA/RN, ALEXANDRIA, RN, ## 59965000
RN;45;FORUM ELEITORAL, RUA FRANCISCO ROBERTO CARLOS DE MORAIS, 89, APODI, RN, ## 59700000
RN;48;RUA CAMPO FORMOSO, 50, LOTEAMENTO SONHO VERDE, PARNAMIRIM, RN, ## 59156745
RN;50;RUA CAMPO FORMOSO, 50, LOTEAMENTO SONHO VERDE, PARNAMIRIM, RN, ## 59156745
RN;66;PRACA GETULIO VARGAS, 188, ARES, RN, ## 59170000
RN;67;RUA WILDE DO NASCIMENTO, S/N, NISIA FLORESTA, RN, ## 59164000
RN;68;AV. LOURENCO DA ROCHA, 122, SANTA CRUZ, RN, ## 59200000
RO;6;FORUM ELEITORAL LOURIVAL MENDES DE SOUZA - RUA JACY PARANA, S/N, PORTO VELHO, RO, ## 76805866
RO;20;RUA JACY PARANA, S/N - ANEXO AO TRE, PORTO VELHO, RO, ## 76805866
RO;21;FORUM ELEITORAL LOURIVAL MENDES DE SOUZA - RUA JACY PARANA, S/N, PORTO VELHO, RO, ## 76805866
RO;33;AV. 13 DE MAIO, ESQUINA COM A AV. TANCREDO DE ALMEIDA NEVES, 1858, NOVA BRASILANDIA D'OESTE, RO, ## 76958000
RR;4;FORUM ELEITORAL PROM DAIEL DE LIMA JUNIOR - AV ATALIBA G. DE LAIA, S/N, SAO LUIZ, RR, ## 69370000
RR;8;AVENIDA FRANCISCO LUIZ REGINATTO, S/N, RORAINOPOLIS, RR, ## 69373000
RS;6;RUA WALDEMAR MANSUETO GRAZZIOTIN, 165 - SALA TERREA, ANTONIO PRADO, RS, ## 95250000
RS;9;RUA SILVA JARDIM, 609 - TERREO, CACAPAVA DO SUL, RS, ## 96570000
RS;22;RUA GINO MORASSUTTI, 1055, GUAPORE, RS, ## 99200000
RS;44;RUA JOAO ESCOBAR CARPES, 119 - TERREO. CENTRO, SANTIAGO, RS, ## 97700000
RS;49;TRAVESSA PAUL HARRIS, 56, SAO GABRIEL, RS, ## 97300000
RS;56;RUA MARGARIDA RIBEIRO, 16, TAQUARI, RS, ## 95860000
RS;58;RUA INACIA VIEIRA, 608, TERREO, VACARIA, RS, ## 95200000
RS;83;RUA JOAO TESSER, 702, VILA MARIA, SARANDI, RS, ## 99560000
RS;97;AV. DOM PEDRO, 171 - TERREO, ESTEIO, RS, ## 93265140
RS;98;PRACA DA MATRIZ, 154, SALA 01, CENTRO, GARIBALDI, RS, ## 95720000
RS;99;AV. ROCHA LOIRES, 510, SALAS 09,11 E 13, NONOAI, RS, ## 99600000
RS;125;AV. 01 LESTE, 956, TEUTONIA, RS, ## 95890000
RS;143;RUA MANATA, 690 SALA 104A (FORUM)- PRINCESA ISABEL, CACHOEIRINHA, RS, ## 94940190
RS;144;RUA URUGUAI, 157 - TERREO, PLANALTO, RS, ## 98470000
SC;4;R ANITA GARIBALDI, 343, LOJA 01, TERREO., BOM RETIRO, SC, ## 88680000
SC;6;R VICTOR BAPTISTA ADAMI, 919, SALA 01, CACADOR, SC, ## 89500196
SC;7;R CORONEL FARRAPO, 428, CAMPOS NOVOS, SC, ## 89620000
SC;8;RUA MARECHAL FLORIANO, 959, CANOINHAS, SC, ## 89460000
SC;9;R ANGELO ARI BIEZUS, N. 69, TERREO, CONCORDIA, SC, ## 89700194
SC;10;AV GETULIO VARGAS, 361, PALACIO DO ESTADO, CRICIUMA, SC, ## 88801500
SC;11;AVENIDA ADVOGADO SEBASTIAO CALOMENO, S/N, CURITIBANOS, SC, ## 89520000
SC;12;AV. RIO BRANCO, N. 797, FLORIANOPOLIS, SC, ## 88015203
SC;13;AVENIDA RIO BRANCO, N. 797, FLORIANOPOLIS, SC, ## 88015203
SC;14;RUA DOUTOR GETULIO VARGAS, 560 - SALA TERREA, IBIRAMA, SC, ## 89140000
SC;15;RUA MARECHAL FLORIANO PEIXOTO, 35, EDIFICIO MENKE, LOJA 10, INDAIAL, SC, ## 89130000
SC;16;AVENIDA JOSE EUGENIO MULLER, 406, ITAJAI, SC, ## 88303170
SC;17;AV MAL. DEODORO DA FONSECA, N.  1188, SL. 103., JARAGUA DO SUL, SC, ## 89251702
SC;18;AV XV DE NOVEMBRO, 12 - TERREO - SALA 02, JOACABA, SC, ## 89600000
SC;19;R JAGUARUNA, 38, JOINVILLE, SC, ## 89201450
SC;20;RUA CORONEL FERNANDES MARTINS, 470, CENTRO EXECUTIVO MILENIUM, LAGUNA, SC, ## 88790000
SC;21;AVENIDA BELIZARIO RAMOS, 3.800, BLOCO B, LAGES, SC, ## 88502100
SC;22;AVENIDA CORONEL JOSE SEVERIANO MAIA, 548, MAFRA, SC, ## 89300000
SC;23;RUA ANTONIO DA SILVA CASCAES 520 CENTRO, ORLEANS, SC, ## 88870000
SC;24;R NAJLA CARONE GUEDERT, N. 951, PARQUE RESIDENCIAL PAGANI, PALHOCA, SC, ## 88132150
SC;25;R MATOS COSTA, 344, PORTO UNIAO, SC, ## 89400000
SC;26;R JULIO ROUSSENQ FILHO 265, RIO DO SUL, SC, ## 89160000
SC;27;R BARAO DO RIO BRANCO, 377, SL. 300, SAO FRANCISCO DO SUL, SC, ## 89240000
SC;28;RUA BOANERGES PEREIRA DE MEDEIROS, N.13, SAO JOAQUIM, SC, ## 88600000
SC;29;AV BEIRA-MAR DE SAO JOSE, ESQUINA COM LUIZ FAGUNDES, SAO JOSE, SC, ## 88103500
SC;30;R HENRIQUE SCHWARZ, N. 554, S.4, SAO BENTO DO SUL, SC, ## 89280115
SC;31;R FLORIANOPOLIS, 106, SL. 02, TIJUCAS, SC, ## 88200000
SC;32;TRAVESSA HEINRICH EILERS, 172, CENTRO, TIMBO, SC, ## 89120000
SC;33;AV MARCOLINO MARTINS CABRAL, 1315, ED COML PHL, 2 PISO, TUBARAO, SC, ## 88701000
SC;34;R VIDAL RAMOS, N. 159, ED. BELAS ARTES, SALA 1, URUSSANGA, SC, ## 88840000
SC;35;AV. NEREU RAMOS, N. 1841-E, CHAPECO, SC, ## 89805018
SC;36;RUA ANTONIO PINTO, 178, SALA 3, VIDEIRA, SC, ## 89560000
SC;37;RUA NARCISO BARISON, 171, CAPINZAL, SC, ## 89665000
SC;38;RUA CARRIL PFLANZER, N. 69, CENTRO, ITAIOPOLIS, SC, ## 89340000
SC;39;R MAJOR GENEROSO, 45 - TERREO, ITUPORANGA, SC, ## 88400000
SC;40;R AURORA, 138 - FORUM, MONDAI, SC, ## 89893000
SC;41;RUA VISCONDE DO RIO BRANCO, 932, SALA 2, PALMITOS, SC, ## 89887000
SC;42;R. AFONSO COLODEL, 19, SALA 2. ED AMERICA, TURVO, SC, ## 88930000
SC;43;TV ERNESTO CARMELLI, 55, SALA 1, XANXERE, SC, ## 89820000
SC;44;RUA BERNARDO LOCKS, N. 148, 2 ANDAR, SALA 208, CENTRO, BRACO DO NORTE, SC, ## 88750000
SC;45;RUA MARQUES DO HERVAL, N. 977, SALA 6, ED. LEOLINO BALDISSERA, SAO MIGUEL DO OESTE, SC, ## 89900000
SC;46;RUA PADRE EDUARDO, 600, TAIO, SC, ## 89190000
SC;47;AVENIDA IRMAOS PICCOLI, N. 220, SALA 07, CENTRO, TANGARA, SC, ## 89642000
SC;48;R. RIO GRANDE, N. 653, XAXIM, SC, ## 89825000
SC;49;RUA RUI BARBOSA, 830, TERREO, SAO LOURENCO DO OESTE, SC, ## 89990000
SC;50;AV WASHINGTON LUIZ, 775, DIONISIO CERQUEIRA, SC, ## 89950000
SC;51;AV XV DE NOVEMBRO S/N  ESQ. RUA ANTONIO CARLOS DE MEDEIROS 531, SL. 01, SANTA CECILIA, SC, ## 89540000
SC;52;AVENIDA EDUARDO SALMORIA, 485, ANITA GARIBALDI, SC, ## 88590000
SC;53;RUA NEREU RAMOS, N. 188, SALAS 09, 11 E 13., SAO JOAO BATISTA, SC, ## 88240000
SC;54;RUA SANTO ANTONIO, N. 204, SOMBRIO, SC, ## 88960000
SC;55;R XV DE NOVEMBRO, 700 FORUM, POMERODE, SC, ## 89107000
SC;56;RUA 2850, N. 470, ED. SAN SALVATORE, BALNEARIO CAMBORIU, SC, ## 88330363
SC;57;R GETULIO VARGAS, 411, TROMBUDO CENTRAL, SC, ## 89176000
SC;58;AVENIDA ANITA GARIBALDI, 1012, SALA 01, MARAVILHA, SC, ## 89874000
SC;59;AVENIDA ADOLFO KONDER, 358, SALA 401, URUBICI, SC, ## 88650000
SC;60;RUA 28 DE AGOSTO, N. 2000, GUARAMIRIM, SC, ## 89270000
SC;61;RUA SETIMO CASAROTTO, N. 98. SALA 2., SEARA, SC, ## 89770000
SC;62;RUA ANTONIO BITTENCOURT CAPANEMA S/N, IMARUI, SC, ## 88770000
SC;63;AV. XV DE NOVEMBRO, N. 86, SALA 2, EDIFICIO MARAFON, PONTE SERRADA, SC, ## 89683000
SC;64;RUA JACKCEIA DE ANDRADE, N. 66, GASPAR, SC, ## 89114820
SC;65;RUA SAO JOSE, 10, ED. FORUM, ITAPIRANGA, SC, ## 89896000
SC;66;AVENIDA CAPITAO ANIZIO, 1.037, PINHALZINHO, SC, ## 89870000
SC;67;RUA PEDRO MANSUR ELIAS, 25 - SALA 01, SANTO AMARO DA IMPERATRIZ, SC, ## 88140000
SC;68;AV GETULIO VARGAS 123, BALNEARIO PICARRAS, SC, ## 88380000
SC;69;RUA OSVALDO DARIO DALL'IGNA, N. 794, SALA 2,, CAMPO ERE, SC, ## 89980000
SC;70;RUA LA SALLE, 228, CENTRO, SAO CARLOS, SC, ## 89885000
SC;71;AVENIDA PE. JOAO SMEDT, 1274, ABELARDO LUZ, SC, ## 89830000
SC;72;RUA ALCIDES VOLKWEIS, N. 70, SALA 2, SAO JOSE DO CEDRO, SC, ## 89930000
SC;73;AV SANTA CATARINA, 186, IMBITUBA, SC, ## 88780000
SC;74;R PREFEITO HUGO FISCHER, 242, SALA 2, RIO NEGRINHO, SC, ## 89295000
SC;75;R RUI BARBOSA, 325, SALA 1, TERREO, SAO DOMINGOS, SC, ## 89835000
SC;76;R JAGUARUNA, 38, JOINVILLE, SC, ## 89201450
SC;77;RUA ALBANO BURGUER, 45, SALA 03, FRAIBURGO, SC, ## 89580000
SC;78;AV CEL ERNESTO BERTASO 1300 SL5  ED DOM VICTORIO, QUILOMBO, SC, ## 89850000
SC;79;R VITORIA, 201 - CENTRO, ICARA, SC, ## 88820000
SC;80;RUA PLACIDO GOMES DE OLIVEIRA, N. 08, BARRA VELHA, SC, ## 88390000
SC;81;RUA NEREU RAMOS, 2983, SALAS 10 E 11, PAPANDUVA, SC, ## 89370000
SC;82;AVENIDA ANCHIETA, N. 166, ANCHIETA, SC, ## 89970000
SC;83;RUA BENJAMIN CONSTANT, 972, CUNHA PORA, SC, ## 89890000
SC;84;AV BEIRA MAR, SN, ESQUINA COM A RUA LUIZ FAGUNDES, SAO JOSE, SC, ## 88103500
SC;85;AV. XV DE NOVEMBRO, N. 12, TERREO, SALA 02, JOACABA, SC, ## 89600000
SC;86;RUA HUMBERTO MATTIOLLI, 78, BRUSQUE, SC, ## 88350140
SC;87;AV MAL. DEODORO DA FONSECA, N. 1188, SALA 103 - TERREO, JARAGUA DO SUL, SC, ## 89251702
SC;88;PRACA VICTOR KONDER, N. 60, CENTRO, BLUMENAU, SC, ## 89010150
SC;89;PRACA VICTOR KONDER, N. 60, CENTRO, BLUMENAU, SC, ## 89010150
SC;90;RUA ANGELO ARI BIEZUS, N. 69, TERREO, COND. JUAN LUIS, CONCORDIA, SC, ## 89700194
SC;91;AVENIDA NEREU RAMOS, N. 1194 - SALA 2, ITAPEMA, SC, ## 88220000
SC;92;AV GETULIO VARGAS, 361, CRICIUMA, SC, ## 88801500
SC;93;AVENIDA BELISARIO RAMOS, 3800, EDIFICIO LAGES BUSINESS CENTER, TERREO, LAGES, SC, ## 88502100
SC;94;AV. NEREU RAMOS, 1841-E, CENTRO, CHAPECO, SC, ## 89805018
SC;95;RUA JAGUARUNA 38, JOINVILLE, SC, ## 89201450
SC;96;R JAGUARUNA, 38 - CENTRO, JOINVILLE, SC, ## 89201450
SC;97;RUA JOSE EUGENIO MULLER, 406, ITAJAI, SC, ## 88303170
SC;98;AV GETULIO VARGAS, N. 361, PALACIO DO ESTADO, CRICIUMA, SC, ## 88801500
SC;99;AV MARCOLINO MARTINS CABRAL, 1315, TUBARAO, SC, ## 88701000
SC;100;AV. RIO BRANCO, N. 797, FLORIANOPOLIS, SC, ## 88015203
SC;102;R JULIO ROUSSENQ FILHO, 265, RIO DO SUL, SC, ## 89160196
SC;103;RUA 2850, N. 470, ED. SAN SALVATORE, BALNEARIO CAMBORIU, SC, ## 88330363
SC;104;AVENIDA BELIZARIO RAMOS, 3.800 - BLOCO B, LAGES, SC, ## 88502100
SC;105;R JAGUARUNA, 38, JOINVILLE, SC, ## 89201450
SE;1;RUA ITABAIANA, 580, ARACAJU, SE, ## 49015110
SE;3;AV. MINISTRA LEONOR B. FRANCO N. 137, AQUIDABA, SE, ## 49790000
SE;4;FORUM ELEITORAL PQ. CIT. GOV. JOAO ALVES FILHO, S/N, BOQUIM, SE, ## 49360000
SE;5;FORUM ELEITORAL DE CAPELA- PCA DO CONJ. MANOEL CARDOSO S. FILHO, S/N, CAPELA, SE, ## 49700000
SE;6;AV SANTA CRUZ S/N, ESTANCIA, SE, ## 49200000
SE;7;TRAVESSA CORONEL CASSEMIRO,79-FORUM FLAVIO DA ROSA MELO, FREI PAULO, SE, ## 49514970
SE;8;AV. MARECHAL FLORIANO, 26, GARARU, SE, ## 49830000
SE;9;AV. DR. LUIS MAGALHAES, S/N - FORUM ELEITORAL DA 9 ZONA, ITABAIANA, SE, ## 49500000
SE;10;FORUM JUIZ VALMIR TELES DO NASCIMENTO - TV FRANCISCO SEVERO, 117, ITABAIANINHA, SE, ## 49290000
SE;11;ROD. LUCIO PRADO, 40 - FORUM MONSENHOR ALBERTO BRAGANCA DE AZEVEDO, JAPARATUBA, SE, ## 49960000
SE;12;FORUM JUIZ OSORIO DE ARAUJO RAMOS, ROD. ANTONIO MARTINS DE MENEZES S/N, LAGARTO, SE, ## 49400000
SE;13;AL. IEDA ROSA, S/N, CONJ. MANOEL DO PRADO FRANCO FORUM LEVINDO CRUZ, LARANJEIRAS, SE, ## 49170000
SE;14;RUA ALVARO GARCEZ, 485, MARUIM/SE - FORUM ADV. JAIME DE ARAUJO ANDRADE, MARUIM, SE, ## 49770000
SE;15;PRACA MONS. JOSE MORENO DE SANT'ANA, S/N,  FORUM DES. ANTONIO GOES, NEOPOLIS, SE, ## 49980000
SE;16;PRACA DES. ALOISIO DE ABREU LIMA, S/N, FORUM ELEITORAL, NOSSA SENHORA DAS DORES, SE, ## 49600000
SE;17;AVENIDA MANOEL ELIGIO DA MOTA, S/N - FORUM JUIZ ALOISIO VILAS-BOAS, NOSSA SENHORA DA GLORIA, SE, ## 49680000
SE;18;RUA BONIFACIO PEREIRA DE SOUZA, S/N, PORTO DA FOLHA, SE, ## 49800000
SE;19;AV. JOAO BARBOSA PORTO, SN - FORUM JUIZ JOAO FERNANDES DE BRITTO, PROPRIA, SE, ## 49900000
SE;20;RUA ALOISIO ACIOLY LEITE, 500, RIACHUELO, SE, ## 49130000
SE;21;LARGO JOEL FONTES COSTA S/N - RODOVIA JOAO BEBE AGUA, SAO CRISTOVAO, SE, ## 49100000
SE;22;FORUM ELEITORAL DES. BELMIRO S. GOES - PRACA LUCILA MACEDO DEDA, S/N, SIMAO DIAS, SE, ## 49480000
SE;23;PC. CASTELO BRANCO, S/N, TOBIAS BARRETO, SE, ## 49300000
SE;24;RUA GABRIEL DE LIMA S/N, CAMPO DO BRITO, SE, ## 49520000
SE;25;RODOVIA PROMOTOR VALDIR DE FREITAS DANTAS, S/N, CEDRO DE SAO JOAO, SE, ## 49930000
SE;26;PRACA MANOEL DO CARMO DE JESUS S/N, RIBEIROPOLIS, SE, ## 49530000
SE;27;RUA ITABAIANA, 580, ARACAJU, SE, ## 49015110
SE;28;FORUM ELEITORAL JUIZ MANOEL SOARES PINTO, RUA ANTONIO CAETANO DE SA, CANINDE DE SAO FRANCISCO, SE, ## 49820000
SE;29;PRACA MARIA JOVITA ARAGAO, S/N, CARIRA, SE, ## 49550000
SE;30;RUA JOAO FERREIRA SANTOS REIS, 117, CRISTINAPOLIS, SE, ## 49270000
SE;31;AV. EMIDIO MAXI NETO, 170  FORUM DES. JOSE FERNANDES PRADO VASCONCELOS, ITAPORANGA D'AJUDA, SE, ## 49120000
SE;32;CONJUNTO ALBANO FRANCO, S/N, PACATUBA, SE, ## 49970000
SE;33;RUA JOAO JOSE DO ROSARIO, S/N, NACAO POCO VERDE/SE, POCO VERDE, SE, ## 49490000
SE;34;RUA MANOEL DOS PASSOS S/N, NOSSA SENHORA DO SOCORRO, SE, ## 49160000
SE;35;RUA ANICETO LIMA - S/N, UMBAUBA, SE, ## 49260000
SP;1;AVENIDA BRIGADEIRO LUIS ANTONIO, 453, SAO PAULO, SP, ## 01317000
SP;2;RUA DR. COSTA JUNIOR, 509, SAO PAULO, SP, ## 05002000
SP;3;RUA ANTONIO CORUJA, 99/109, SAO PAULO, SP, ## 01126030
SP;4;RUA MADRE DE DEUS, 427, SAO PAULO, SP, ## 03119000
SP;5;RUA CLODOMIRO AMAZONAS, 41, SAO PAULO, SP, ## 04537010
SP;6;RUA LOEFGREEN, 2007, SAO PAULO, SP, ## 04040033
SP;7;AV. CELIDONIO NETO, 165, AGUDOS, SP, ## 17120000
SP;8;RUA CAPITAO MIRANDA, 57, AMPARO, SP, ## 13900030
SP;9;RUA IGUACU, 589, ANDRADINA, SP, ## 16901165
SP;10;RUA MAJOR AUGUSTO FRANCISCO RIOS CARNEIRO, 44, APIAI, SP, ## 18320000
SP;11;RUA BRIGADEIRO LUIZ ANTONIO, 46, ARACATUBA, SP, ## 16010680
SP;12;RUA MANILIO GOBBI, 287- ESQUINA COM CORREIOS, PARAGUACU PAULISTA, SP, ## 19700000
SP;13;RUA ITALIA, 1673, CENTRO, ARARAQUARA, SP, ## 14801350
SP;14;AVENIDA ZURITA, 681, ARARAS, SP, ## 13601020
SP;15;RUA DR.CLYBAS PINTO FERRAZ, 75 - SALA C, ASSIS, SP, ## 19800040
SP;16;RUA JOSE IGNACIO, 329, ATIBAIA, SP, ## 12940630
SP;17;RUA SANTA CATARINA, 781, AVARE, SP, ## 18700005
SP;18;PRACA RUBIAO JUNIOR, 305 - FORUM, BANANAL, SP, ## 12850000
SP;19;RUA FRANCISCO DE PAULA CARVALHO, 41, BARIRI, SP, ## 17250000
SP;20;AVENIDA ELLIS MAAS, 875/877, SAO PAULO, SP, ## 05859000
SP;21;AVENIDA 15, 749 - CENTRO, BARRETOS, SP, ## 14780280
SP;22;AVENIDA DR. CHIQUINHO ARANTES, 534, BATATAIS, SP, ## 14300000
SP;23;RUA ANTONIO ALVES, 21-35, BAURU, SP, ## 17012060
SP;24;RUA ANTONIO ALVES DE TOLEDO, 161, BEBEDOURO, SP, ## 14700100
SP;25;RUA ANTONIO SIMOES, 65, BIRIGUI, SP, ## 16200027
SP;26;RUA MONSENHOR FERRARI, 466, BOTUCATU, SP, ## 18600310
SP;27;RUA MONSENHOR KOLLY,   190, BRAGANCA PAULISTA, SP, ## 12900400
SP;28;PRACA 9 DE JULHO, 137, BROTAS, SP, ## 17380000
SP;29;RUA DOM PEDRO II, 195, CACAPAVA, SP, ## 12282370
SP;30;RUA MOURA ANDRADE, 35, CACONDE, SP, ## 13770000
SP;31;RUA ARNALDO FERREIRA LIMA, 383, CAFELANDIA, SP, ## 16500000
SP;32;RUA DOUTOR MATTA, 169, CAJURU, SP, ## 14240000
SP;33;RUA REGENTE FEIJO, S/N-3 ANDAR- SALA 305-PALACIO DA JUSTICA, CAMPINAS, SP, ## 13013907
SP;34;RUA DR. CANDIDO FERREIRA, 63, VALINHOS, SP, ## 13270040
SP;35;RUA BRIGADEIRO JORDAO, 553, CAMPOS DO JORDAO, SP, ## 12460000
SP;36;RUA DR. PAULO DE ALMEIDA GOMES, 106, ANTIGA SANTA CASA, CANANEIA, SP, ## 11990000
SP;37;RUA RAFAEL MACHADO NETO, 50, CAPAO BONITO, SP, ## 18304130
SP;38;RUA DR. JOAO ADOLFO STEIN, 171, CAPIVARI, SP, ## 13360000
SP;39;RUA LUIZ PIZA, 885, CASA BRANCA, SP, ## 13700000
SP;40;RUA SETE DE FEVEREIRO, 885, CATANDUVA, SP, ## 15801160
SP;41;RUA GOIAS, 446, CONCHAS, SP, ## 18570000
SP;42;RUA CORONEL JOAQUIM DO PRADO, 477, CRUZEIRO, SP, ## 12701370
SP;43;RUA CORONEL MACEDO, 400 - TERREO, CUNHA, SP, ## 12530000
SP;44;RUA DR. ANASTACIO VIANA, 1005, DESCALVADO, SP, ## 13690000
SP;45;AV. JOSE ALVES MIRA, 18, DOIS CORREGOS, SP, ## 17300000
SP;46;RUA FRANCISCO JORGE, 2112, FRANCA, SP, ## 14400840
SP;47;RUA PLINIO DE GODOY, 236, GARCA, SP, ## 17400000
SP;48;RUA MARECHAL DEODORO, 203, GUARATINGUETA, SP, ## 12500210
SP;49;AV. SETE DE SETEMBRO, 458, IBITINGA, SP, ## 14940000
SP;50;RUA CAPITAO VITORIANO MACHADO, 166, IGARAPAVA, SP, ## 14540000
SP;51;RUA CAPITAO DIAS, 222, IGUAPE, SP, ## 11920000
SP;52;RUA CAP. VENANCIO AYRES, 514, ITAPETININGA, SP, ## 18200013
SP;53;AV. PAULINA DE MORAES, 191, ITAPEVA, SP, ## 18400818
SP;54;RUA PRUDENTE DE MORAES, 194, ITAPIRA, SP, ## 13970050
SP;55;RUA PADRE TARALLO, 581, ITAPOLIS, SP, ## 14900000
SP;56;RUA QUINZE DE NOVEMBRO, 941, ITAPORANGA, SP, ## 18480000
SP;57;RUA CORONEL FRUTUOSO, 235, ITARARE, SP, ## 18460000
SP;58;RUA PROFESSOR BRITO, 200, ITATIBA, SP, ## 13250060
SP;59;RUA SAO PAULO, 50 - BAIRRO BRASIL, ITU, SP, ## 13301380
SP;60;RUA CAPITAO FLORINDO JOSE DA SILVA, 1374, ITUVERAVA, SP, ## 14500000
SP;61;AVENIDA BENJAMIN CONSTANT, 539, JABOTICABAL, SP, ## 14870140
SP;62;RUA DR. WALDEMAR BERARDINELLI, 86, JACAREI, SP, ## 12308340
SP;63;RUA CONEGO ANSELMO VALVEKENS, 169, JAU, SP, ## 17201250
SP;64;RUA VINTE E UM DE ABRIL, 666, JOSE BONIFACIO, SP, ## 15200000
SP;65;RUA DOS BANDEIRANTES, 103, JUNDIAI, SP, ## 13201130
SP;66;RUA TIRADENTES,  627, LIMEIRA, SP, ## 13480082
SP;67;RUA NOVE DE JULHO, 816, LINS, SP, ## 16400110
SP;68;PRACA FIRMINO BORGES ESCADA, 100, CENTRO, LORENA/SP, LORENA, SP, ## 12600480
SP;69;RUA EDUARDO RAPACCI, 171, LUCELIA, SP, ## 17780000
SP;70;AV. BRASIL, 440, MARILIA, SP, ## 17509052
SP;71;RUA JOSE TEODORO, 246, MARTINOPOLIS, SP, ## 19500000
SP;72;AV. LAURO LUCHESI, 26-05, MIRASSOL, SP, ## 15130000
SP;73;RUA DOUTOR ADOLPHO BARRETO, N 71, MOCOCA, SP, ## 13730120
SP;74;RUA MAJOR PINHEIRO FRANCO, 21, MOGI DAS CRUZES, SP, ## 08710220
SP;75;RUA TREZE DE MAIO, 430/A E 442, MOGI MIRIM, SP, ## 13800051
SP;76;RUA JEREMIAS DE PAULA EDUARDO, 1089, MONTE ALTO, SP, ## 15910000
SP;77;RUA PRESIDENTE VARGAS, 661, MONTE APRAZIVEL, SP, ## 15150000
SP;78;R. JANSEM DE MELLO, 516 - CENTRO, NOVA GRANADA, SP, ## 15440000
SP;79;RUA SETE DE SETEMBRO, 957, NOVO HORIZONTE, SP, ## 14960000
SP;80;RUA DR. ANTONIO OLIMPIO, 914, OLIMPIA, SP, ## 15400000
SP;81;AVENIDA SEIS, N 730, ORLANDIA, SP, ## 14620000
SP;82;AV. ANTONIO DE ALMEIDA LEITE, 580, OURINHOS, SP, ## 19907000
SP;83;AVENIDA REGINALDA LEAO,1500, PALMITAL, SP, ## 19970000
SP;84;AV. MAJOR JOAO ELIAS DE CALAZANS, 565, PARAIBUNA, SP, ## 12260000
SP;85;PRACA NOSSA SENHORA DO PATROCINIO, 1118, PATROCINIO PAULISTA, SP, ## 14415000
SP;86;AVENIDA BERNARDINO FLORA FURLAN, N-1640, PEDERNEIRAS, SP, ## 17280000
SP;87;RUA SAO FRANCISCO, 140, PENAPOLIS, SP, ## 16300000
SP;88;RUA FRANCISCA SENHORINHA CARNEIRO, S/N, PEREIRA BARRETO, SP, ## 15370000
SP;89;RUA DOUTOR CAMPOS SALES, 66 - CASA 02, PIEDADE, SP, ## 18170000
SP;90;RUA FRANCISCO GLICERIO, 418, PINDAMONHANGABA, SP, ## 12401060
SP;91;AVENIDA DR. QUIRINO DOS SANTOS, 130, ESPIRITO SANTO DO PINHAL, SP, ## 13990000
SP;92;RUA BENEDITO VIEIRA DA SILVA, 300 - CENTRO FORUM, PIRACAIA, SP, ## 12970000
SP;93;RUA SAO JOSE, 940 - CENTRO, PIRACICABA, SP, ## 13400330
SP;94;RUA CEL. JOAQUIM THEOTONIO DE ARAUJO, 211/219, PIRAJU, SP, ## 18800000
SP;95;PRACA DR. PEDRO DA ROCHA BRAGA, 116, PIRAJUI, SP, ## 16600000
SP;96;RUA JOSE BONIFACIO, 132, PIRASSUNUNGA, SP, ## 13631062
SP;98;RUA DR. EUCLIDES ZANINI CALDAS, 713 - CENTRO, PITANGUEIRAS, SP, ## 14750000
SP;99;RUA GETULIO VARGAS, 197 - MINI-SHOPPING - SALA 11, POMPEIA, SP, ## 17580000
SP;100;AV. JOSE MAURINO, 283, PORTO FELIZ, SP, ## 18540000
SP;101;RUA CAPITAO WALTER RIBEIRO, 140, PRESIDENTE PRUDENTE, SP, ## 19010120
SP;102;RUA EUCLIDES DA CUNHA, 21, PRESIDENTE VENCESLAU, SP, ## 19400000
SP;103;AVENIDA BANDEIRANTES, 711, PROMISSAO, SP, ## 16370000
SP;104;AVENIDA DR. RODOLPHO SEBASTIAO GIORGI, 578, QUATA, SP, ## 19780000
SP;105;RUA JOSE MENOTTI BERNARDINI DE CARVALHO, 13, QUELUZ, SP, ## 12800000
SP;106;RUA VER. MANOEL TENORIO DE BRITO, 457, RANCHARIA, SP, ## 19600000
SP;107;RUA GOVERNADOR PEDRO DE TOLEDO, 259, RIBEIRAO BONITO, SP, ## 13580000
SP;108;RUA CERQUEIRA CESAR, 333 - TERREO, RIBEIRAO PRETO, SP, ## 14010130
SP;109;RUA JOAO APRIGIO BARBOSA, 100, SERRANA, SP, ## 14150000
SP;110;RUA 8, 819, RIO CLARO, SP, ## 13500144
SP;111;PRACA DR. ADHEMAR DE BARROS, 40, SANTA ADELIA, SP, ## 15950000
SP;112;RUA MANOEL NUNES DE SOUZA, 510, SANTA BRANCA, SP, ## 12380000
SP;113;RUA SANTA CRUZ, N. 468, SANTA CRUZ DAS PALMEIRAS, SP, ## 13650000
SP;114;AVENIDA BATISTA BOTELHO, 428, SANTA CRUZ DO RIO PARDO, SP, ## 18900000
SP;115;RUA JOAO PESSOA, 58, SANTA ISABEL, SP, ## 07500000
SP;116;RUA MARECHAL DEODORO, 861, SANTA RITA DO PASSA QUATRO, SP, ## 13670000
SP;117;RUA VISCONDE DE MAUA, 565, SANTO ANASTACIO, SP, ## 19360000
SP;118;RUA AMADOR BUENO, 63, SANTOS, SP, ## 11030151
SP;119;RUA BAHIA, 67, CUBATAO, SP, ## 11510070
SP;120;RUA CAPITAO PROCOPIO MARCONDES AZEREDO, 43 - FORUM, SAO BENTO DO SAPUCAI, SP, ## 12490000
SP;121;RUA NOVE DE JULHO, 1932, SAO CARLOS, SP, ## 13560042
SP;122;RUA DILO GIANELLI, 88, SAO JOAO DA BOA VISTA, SP, ## 13870574
SP;123;RUA PERNAMBUCO, 338, SAO JOAQUIM DA BARRA, SP, ## 14600000
SP;124;RUA BENJAMIN CONSTANT, 179, SAO JOSE DO RIO PARDO, SP, ## 13720000
SP;125;RUA LAFAIETE SPINOLA DE CASTRO, 1463 - SEGUNDO ANDAR, SAO JOSE DO RIO PRETO, SP, ## 15025510
SP;126;RUA AMERICO GOMES NOVOA, 711, SAO JOSE DO RIO PRETO, SP, ## 15085330
SP;127;RUA PAULO SETUBAL, 220, VILA ADYANNA, SAO JOSE DOS CAMPOS, SP, ## 12245460
SP;128;VIA DE ACESSO VEREADOR JOSE PINTO DE SOUZA, S/N - FORUM, SAO LUIS DO PARAITINGA, SP, ## 12140000
SP;129;RUA ABILIO GOMES, 322, SAO MANUEL, SP, ## 18650000
SP;130;AVENIDA DOS IMIGRANTES, 255 - SALA 47 - SHOPPING SAO PEDRO, SAO PEDRO, SP, ## 13520000
SP;131;RUA DUQUE DE CAXIAS, 277, SAO ROQUE, SP, ## 18130150
SP;132;PRACA PROFESSOR ANTONIO ARGINO, 120, SAO SEBASTIAO, SP, ## 11608554
SP;133;RUA XX DE AGOSTO, 234, SAO SIMAO, SP, ## 14200000
SP;134;PRACA BARAO DO RIO BRANCO, 41, SERRA NEGRA, SP, ## 13930000
SP;135;RUA ELPIDIO GOMES, 1284, SERTAOZINHO, SP, ## 14160620
SP;136;RUA DR ALFREDO DE CARVALHO PINTO, 259, PREDIO 2, SOCORRO, SP, ## 13960000
SP;137;PRACA MACONARIA, S/N, SOROCABA, SP, ## 18040295
SP;138;RUA CAPITAO DANIEL DA CUNHA MORAES, 685, TANABI, SP, ## 15170000
SP;139;RUA BARAO DO TRIUNFO, 459 - CENTRO EXECUTIVO- SALA 07, TAQUARITINGA, SP, ## 15900000
SP;140;RUA JUVENAL DE CAMPOS, 327, TATUI, SP, ## 18270330
SP;141;AV. GRANADEIRO GUIMARAES, 135, TAUBATE, SP, ## 12020130
SP;142;RUA LARA CAMPOS, 105, TIETE, SP, ## 18530000
SP;143;RUA MANDAGUARIS, 106, TUPA, SP, ## 17600060
SP;144;PRACA 13 DE MAIO, 238, UBATUBA, SP, ## 11680000
SP;145;AV. SEVERINO MOREIRA BARBOSA, 176/178, CACHOEIRA PAULISTA, SP, ## 12630000
SP;146;AV. NOVE DE JULHO, 346, VALPARAISO, SP, ## 16880000
SP;147;RUA SAO PAULO, 3431, VOTUPORANGA, SP, ## 15500010
SP;148;RUA NOVE DE JULHO, 9 - TERREO, ELDORADO, SP, ## 11960000
SP;149;AV. EXPEDICIONARIOS, 1381, DRACENA, SP, ## 17900000
SP;150;AVENIDA EXPEDICIONARIOS BRASILEIROS, 638, FERNANDOPOLIS, SP, ## 15600000
SP;151;RUA LUIS LINCOLN DE OLIVEIRA,280 A, CENTRO, GUARARAPES, SP, ## 16700000
SP;152;RUA SEIS, N. 2856, JALES, SP, ## 15700060
SP;153;PRACA PAPA JOAO XXIII, 135, MIRANDOPOLIS, SP, ## 16800000
SP;154;AV. VEREADOR JOSE GOMES DUDA, 1015, PACAEMBU, SP, ## 17860000
SP;155;PRACA PADRE LUIS  SAVIO, 93, PEDREGULHO, SP, ## 14470000
SP;156;RUA LAURA, 59, SANTO ANDRE, SP, ## 09040240
SP;157;ALAMEDA FERNAO DIAS, 219, ADAMANTINA, SP, ## 17800000
SP;158;RUA PRESIDENTE VARGAS, 343, AMERICANA, SP, ## 13465150
SP;159;AV. EXPEDICIONARIO ANTONIO APARECIDO, 427, DUARTINA, SP, ## 17470000
SP;160;RUA DR. WENCESLAU BRAS, 716, GETULINA, SP, ## 16450000
SP;161;RUA ANITA GARIBALDI, 821, LENCOIS PAULISTA, SP, ## 18682043
SP;162;RUA ONOFRE ALVES FERREIRA,286, NHANDEARA, SP, ## 15190000
SP;163;RUA BELGICA, 440, OSVALDO CRUZ, SP, ## 17700000
SP;164;RUA XV DE NOVEMBRO, 809, PAULO DE FARIA, SP, ## 15490000
SP;165;RUA DUQUE DE CAXIAS, 108, CENTRO, PRESIDENTE BERNARDES - SP, PRESIDENTE BERNARDES, SP, ## 19300000
SP;166;RUA MAJOR CARLO DEL PRETE, 651, SAO CAETANO DO SUL, SP, ## 09530000
SP;167;RUA BARAO DO RIO BRANCO, 347, REGENTE FEIJO, SP, ## 19570000
SP;168;RUA JOSE DESIDERIO FERNANDES, 995, GENERAL SALGADO, SP, ## 15300000
SP;169;AVENIDA 11, 885-B, CENTRO, GUAIRA, SP, ## 14790000
SP;170;RUA JOAO PESSOA, 1180, MATAO, SP, ## 15990020
SP;171;RUA FLORIANO PEIXOTO, 515, MONTE AZUL PAULISTA, SP, ## 14730000
SP;172;RUA ELDORADO, 10, REGISTRO, SP, ## 11900000
SP;173;RUA FRANCISCO CARVALHO DE ANDRADE, 278, SANTA ROSA DE VITERBO, SP, ## 14270000
SP;174;AVENIDA PAULO AFONSO, 388, SAO BERNARDO DO CAMPO, SP, ## 09770350
SP;175;RUA TIRADENTES, 877 - FORUM, TUPI PAULISTA, SP, ## 17930000
SP;176;RUA LUIZ FACCINI, 344, SEGUNDO ANDAR, GUARULHOS, SP, ## 07110000
SP;177;AVENIDA PRESIDENTE WILSON, 884, SAO VICENTE, SP, ## 11390000
SP;178;AVENIDA DR MANOEL PALOMINO FERNANDES, 659, COLINA, SP, ## 14770000
SP;179;RUA TERESINA, 333, CATANDUVA, SP, ## 15800300
SP;180;AV. BRASIL, 440, MARILIA, SP, ## 17509052
SP;181;TRAVESSA MIRAMBAVA, 118, SUZANO, SP, ## 08674130
SP;182;RUA SETE DE SETEMBRO 1370, PRESIDENTE PRUDENTE, SP, ## 19015080
SP;183;RUA DOMINGOS BALZANI, N. 66, RIBEIRAO PIRES, SP, ## 09400060
SP;184;RUA MANDAGUARIS, 106, TUPA, SP, ## 17600050
SP;185;AV. MONTEIRO LOBATO, 1025, GUARULHOS, SP, ## 07112000
SP;186;RUA TUPIS, 1136 -1146, SANTA BARBARA D'OESTE, SP, ## 13456032
SP;187;AV. CONSELHEIRO ANTONIO PRADO, 1699, SANTA FE DO SUL, SP, ## 15775000
SP;188;RUA DR. ARMANDO SALLES DE OLIVEIRA, 391, LEME, SP, ## 13610220
SP;189;RUA PROFA. DINORAH CRUZ, 71, ITANHAEM, SP, ## 11740000
SP;190;PRACA PADRE VICTOR COELHO DE ALMEIDA, 342, APARECIDA, SP, ## 12570000
SP;191;AV. MARIA LA FARINA MILANI 671, IBIUNA, SP, ## 18150000
SP;192;RUA GENERAL VICENTE DE PAULA COUTINHO, 22, FRANCO DA ROCHA, SP, ## 07803050
SP;193;AVENIDA DONA RITA CANDIDA NOGUEIRA, 354 - A, CRAVINHOS, SP, ## 14140000
SP;194;RUA CORONEL PROCOPIO DE CARVALHO, 327, PORTO FERREIRA, SP, ## 13660000
SP;195;AVENIDA PRESIDENTE VARGAS, 1-31,  FORUM, PRESIDENTE EPITACIO, SP, ## 19470000
SP;196;RUA PORTO ALEGRE, 1230, JUNQUEIROPOLIS, SP, ## 17890000
SP;197;AVENIDA DA SAUDADE, 65, GUARIBA, SP, ## 14840000
SP;198;AV. JOSE GATTO, 964 - LOJA 01, TAMBAU, SP, ## 13710000
SP;199;AVENIDA HENRIQUETA MENDES GUERRA, 550, BARUERI, SP, ## 06401160
SP;200;RUA PRUDENTE DE MORAES, 624, CENTRO, BARRA BONITA, SP, ## 17340000
SP;201;RUA DAVID FARAH, 25, ITAPECERICA DA SERRA, SP, ## 06850845
SP;202;RUA CORONEL JOAQUIM ALBERTO, 10, ALTINOPOLIS, SP, ## 14350000
SP;203;RUA JOSE BORELLI, 10 - FORUM, VIRADOURO, SP, ## 14740000
SP;204;PRACA DR. MARIO LINS, 76, JARDINOPOLIS, SP, ## 14680000
SP;205;R. OLIMPIO PAVAN, N 304, CERQUEIRA CESAR, SP, ## 18760000
SP;206;AV. BRASIL, 772, CARAGUATATUBA, SP, ## 11661200
SP;207;PRACA BELA VISTA, S/N - FORUM, URUPES, SP, ## 15850000
SP;208;AV. ALVARO DA CUNHA BARROS, 1069, MIGUELOPOLIS, SP, ## 14530000
SP;209;AV. PREFEITO HERMELINDO PILLON S/N  - FORUM, LARANJAL PAULISTA, SP, ## 18500000
SP;210;RUA OLAVO BILAC, 455, BILAC, SP, ## 16210000
SP;211;RUA TREZE DE MAIO, 834, INDAIATUBA, SP, ## 13330120
SP;212;RUA WASHINGTON, 473, GUARUJA, SP, ## 11410150
SP;213;RUA PRESIDENTE CASTELO BRANCO 323, OSASCO, SP, ## 06016020
SP;214;AV. FREI MARCELO MANILIA, 695, SALAS 8 E 9, ESQUINA C/ RUA RUI BARBOSA, BURITAMA, SP, ## 15290000
SP;215;RUA JOSE FRANCO DE ARAUJO, N. 519, ANGATUBA, SP, ## 18240000
SP;216;AVENIDA PRESIDENTE JOHN F. KENNEDY, 311, MOGI GUACU, SP, ## 13845232
SP;217;RUA RUA PRINCESA ISABEL,129, MAUA, SP, ## 09310010
SP;218;RUA DR. EMILIO MARTINS RIBEIRO, S/N, MIRACATU, SP, ## 11850000
SP;219;RUA MARINA LA REGINA, 167, POA, SP, ## 08550210
SP;220;RUA JOAO WALTER, N 262, VOTORANTIM, SP, ## 18110020
SP;221;RUA BARAO DO RIO BRANCO, 401, SALTO, SP, ## 13320270
SP;222;AVENIDA SETE DE SETEMBRO, 189, DIADEMA, SP, ## 09912010
SP;223;RUA MAJOR MARTINS COELHO, 439 - FORUM, JUQUIA, SP, ## 11800000
SP;224;RUA SAO PAULO, S/N - FORUM, CARDOSO, SP, ## 15570000
SP;225;RUA DR. MARCIO DA MATA BIANCO, 52-25 - EDIFICIO DO FORUM, AURIFLAMA, SP, ## 15350000
SP;226;RUA SAO PAULO, 988, CANDIDO MOTA, SP, ## 19880000
SP;227;RUA JORGE CAIXE, 306, COTIA, SP, ## 06716690
SP;228;AV. 23 DE JUNHO, 619, JACUPIRANGA, SP, ## 11940000
SP;229;RUA JOSE BONIFACIO, 417, VARGEM GRANDE DO SUL, SP, ## 13880000
SP;230;RUA ANTONIO DO VALLE MELO, 1332, SUMARE, SP, ## 13170011
SP;231;RUA CAPITAO FARIA, 1048 - FORUM, PALESTINA, SP, ## 15470000
SP;232;AV. EUCLIDES DA CUNHA, 4770, PALMEIRA D'OESTE, SP, ## 15720000
SP;233;R. MINAS GERAIS, S/N - FORUM, ESTRELA D'OESTE, SP, ## 15650000
SP;234;RUA LUIZ RIBEIRO SALGADO, 20 - SALA 8, FARTURA, SP, ## 18870000
SP;235;AV. PADRE GERALDO TROSSEL, 369, NUPORANGA, SP, ## 14670000
SP;236;AV. CORONEL JOAO QUINTINO, 137 - FORUM, TAQUARITUBA, SP, ## 18740000
SP;237;RUA IPIRANGA, 84, MAIRIPORA, SP, ## 07600000
SP;238;RUA ANTONIO SERAFIM DE SOUZA, 814, MIRANTE DO PARANAPANEMA, SP, ## 19260000
SP;239;RUA GONCALVES DIAS, 1.101, ARARAQUARA, SP, ## 14801290
SP;240;RUA FRANCISCO JORGE, 2112, FRANCA, SP, ## 14400840
SP;241;ALAMEDA DOUTOR JULIO ESPERANCA, 103, JAU, SP, ## 17201380
SP;242;RUA MARIA APARECIDA, 84, VARZEA PAULISTA, SP, ## 13220090
SP;243;RUA SETE DE SETEMBRO, 482, CORDEIROPOLIS, SP, ## 13490000
SP;244;RUA SAO JOSE, 940, PIRACICABA, SP, ## 13400330
SP;245;RUA 14, 521, RIO CLARO, SP, ## 13500130
SP;246;RUA TENENTE CORONEL CARLOS DA SILVA ARAUJO, 355, SAO PAULO, SP, ## 04751050
SP;247;AV. COCA,  633 - VILA CURUCA, SAO PAULO, SP, ## 08030000
SP;248;RUA PAULO LOPES LEAO, 166, SAO PAULO, SP, ## 08210520
SP;249;AV. LEONCIO DE MAGALHAES, 357/363, SAO PAULO, SP, ## 02042010
SP;250;RUA MONTEIRO DE MELO, 610, SAO PAULO, SP, ## 05050000
SP;251;RUA FERREIRA DE ARAUJO, 538, SAO PAULO, SP, ## 05428001
SP;252;RUA JORGE AUGUSTO, 258, SAO PAULO, SP, ## 03645000
SP;253;PRACA SANTA TEREZINHA, 43 / 47, SAO PAULO, SP, ## 03308070
SP;254;RUA ARARITAGUABA, 936/938, SAO PAULO, SP, ## 02122011
SP;255;AVENIDA CASA VERDE, 1819, SAO PAULO, SP, ## 02519200
SP;256;RUA MARIA AMALIA LOPES AZEVEDO, 657, SAO PAULO, SP, ## 02350012
SP;257;AVENIDA PAES DE BARROS, 3237, SAO PAULO, SP, ## 03149100
SP;258;AV. JANDIRA, 657, SAO PAULO, SP, ## 04080004
SP;259;RUA ITAPIRU, 174, SAO PAULO, SP, ## 04143010
SP;260;RUA BOM PASTOR, 2204, SAO PAULO, SP, ## 04203002
SP;261;RUA CASTRO ALVES, 962, PIRAPOZINHO, SP, ## 19200000
SP;262;RUA MARQUESA DE SANTOS, 52, SANTO ANDRE, SP, ## 09030080
SP;263;AVENIDA ITAMARATI, 241, SANTO ANDRE, SP, ## 09290730
SP;264;RUA MATO GROSSO, 428, SANTO ANDRE, SP, ## 09210700
SP;265;RUA CERQUEIRA CESAR, 333, RIBEIRAO PRETO, SP, ## 14010130
SP;266;RUA CERQUEIRA CESAR, 333, RIBEIRAO PRETO, SP, ## 14010130
SP;267;RUA  LAFAIETE SPINOLA CASTRO, 1463 - SALA 6 - TERREO, SAO JOSE DO RIO PRETO, SP, ## 15025510
SP;268;RUA LAFAIETE SPINOLA DE CASTRO, 1463, SAO JOSE DO RIO PRETO, SP, ## 15025510
SP;269;RUA MAJOR CARLO DEL PRETE, 651 - FUNDOS, SAO CAETANO DO SUL, SP, ## 09530000
SP;270;RUA SAO JOSE, 940, PIRACICABA, SP, ## 13400333
SP;271;PRACA MACONARIA, S/N, SOROCABA, SP, ## 18040295
SP;272;RUA VEREADOR HENRIQUE SOLER, 279, SANTOS, SP, ## 11030111
SP;273;AV. BERNARDINO DE CAMPOS, 99, SANTOS, SP, ## 11075355
SP;274;RUA REGENTE FEIJO, S/N - PALACIO DA JUSTICA, 2 ANDAR, SALA 209, CAMPINAS, SP, ## 13013900
SP;275;RUA REGENTE FEIJO, S/N - PALACIO DA JUSTICA - SALA 406, CAMPINAS, SP, ## 13013900
SP;276;PRACA PROFESSOR ANESIO CABRAL, 87, OSASCO, SP, ## 06226010
SP;277;AVENIDA HILDEBRANDO DE LIMA, 609, OSASCO, SP, ## 06190160
SP;278;RUA LUIZ FACCINI,344 - PRIMEIRO ANDAR, GUARULHOS, SP, ## 07110000
SP;279;RUA LUIZ FACCINI, 346 -TERREO, GUARULHOS, SP, ## 07110000
SP;280;AVENIDA ATLANTICA,1551, SAO PAULO, SP, ## 04768200
SP;281;AV. DR. CAVALCANTI, 702, JUNDIAI, SP, ## 13201003
SP;282;RUA PAULO SETUBAL, 220, SAO JOSE DOS CAMPOS, SP, ## 12245460
SP;283;AV. LUCAS NOGUEIRA GARCEZ, 59, SAO BERNARDO DO CAMPO, SP, ## 09750670
SP;284;AVENIDA SAO JOAO BATISTA,427, SAO BERNARDO DO CAMPO, SP, ## 09635000
SP;285;AV. LUCIANINHO MELLI, 65, OSASCO, SP, ## 06083040
SP;286;AV. PROFESSOR JOAQUIM BARRETO, 710, COTIA, SP, ## 06700170
SP;287;RUA MAJOR PINHEIRO FRANCO, 13, MOGI DAS CRUZES, SP, ## 08710220
SP;288;AVENIDA TREZE, 634, RIO CLARO, SP, ## 13500340
SP;289;RUA SAO FRANCISCO, 140-A, PENAPOLIS, SP, ## 16300000
SP;290;RUA DR. CLYBAS PINTO FERRAZ, 75-B, ASSIS, SP, ## 19800040
SP;291;AV. FREI GERMANO, 2039 - PRACA DA ESTACAO, FRANCA, SP, ## 14405215
SP;292;RUA VALDEMAR IGNOWSKI 62/66, NOVA ODESSA, SP, ## 13460000
SP;293;RUA CERQUEIRA CESAR, 333, RIBEIRAO PRETO, SP, ## 14010130
SP;294;RUA MAXIMO BALDO, 54, SOROCABA, SP, ## 18043010
SP;295;RUA DOS PESCADORES, 85 - SOBRELOJA - SALA 2, PERUIBE, SP, ## 11750000
SP;296;RUA DR. FLAQUER, 137, SAO BERNARDO DO CAMPO, SP, ## 09710180
SP;297;RUA 9 DE JULHO, 816, LINS, SP, ## 16400110
SP;298;RUA SANTA MADALENA, N. 65, CENTRO, BRAGANCA PAULISTA, SP, ## 12900440
SP;299;RUA BRIGADEIRO LUIZ ANTONIO 46, ARACATUBA, SP, ## 16010680
SP;300;RUA SILVA JARDIM, 2-17, BAURU, SP, ## 17060240
SP;301;RUA GOIAS, 999, AVARE, SP, ## 18700140
SP;302;AVENIDA LIBERO DE ALMEIDA SILVARES, 2304, FERNANDOPOLIS, SP, ## 15600000
SP;303;AV. FERNANDA, 141 - SOBRELOJA, CARAPICUIBA, SP, ## 06320080
SP;304;AV. ANTONIO BARDELLA, 401 - JARDIM SAO LUIZ, JANDIRA, SP, ## 06618000
SP;305;RUA CERQUEIRA CESAR, 333 - TERREO, RIBEIRAO PRETO, SP, ## 14010130
SP;306;TRAVESSA DR.RODRIGO ANTONIO, 33, SANTO ANDRE, SP, ## 09090750
SP;307;RUA TANCREDO DO AMARAL, 31 - PRIMEIRO ANDAR, SANTO ANDRE, SP, ## 09015430
SP;308;RUA ANGATUBA, 320, SANTO ANDRE, SP, ## 09210250
SP;309;AVENIDA BRASIL, 363, SANTO ANDRE, SP, ## 09210280
SP;310;AV. SANTOS DUMONT, 689, GUARUJA, SP, ## 11460001
SP;311;RUA JOSE BONIFACIO, 132, PIRASSUNUNGA, SP, ## 13631062
SP;312;RUA LAFAYETE SPINOLA DE CASTRO, 1463 - 1 ANDAR, SAO JOSE DO RIO PRETO, SP, ## 15025510
SP;313;AVENIDA GASTAO VIDIGAL, 740, OURINHOS, SP, ## 19901010
SP;314;RUA COSTA CABRAL, 985, TREMEMBE, SP, ## 12120000
SP;315;AV. INTERNACIONAL, 618, OSASCO, SP, ## 06126000
SP;316;RUA MARECHAL DEODORO, 203, GUARATINGUETA, SP, ## 12500210
SP;317;AVENIDA GUILHERMINA, 267, PRAIA GRANDE, SP, ## 11701500
SP;318;RUA SADAMITA IWASSAKI, 538, SAO MIGUEL ARCANJO, SP, ## 18230000
SP;319;RUA MAJOR PINHEIRO FRANCO, 17, MOGI DAS CRUZES, SP, ## 08710220
SP;320;AV. ENGENHEIRO ARMANDO DE ARRUDA PEREIRA, 2917, SAO PAULO, SP, ## 04309011
SP;321;AVENIDA LINO JARDIM, 272, SANTO ANDRE, SP, ## 09041030
SP;322;RUA CERQUEIRA CESAR, 333, RIBEIRAO PRETO, SP, ## 14010130
SP;323;AVENIDA NOVE DE JULHO, 158, PAULINIA, SP, ## 13140287
SP;324;RUA ELIZABETTA LIPS, 303, TABOAO DA SERRA, SP, ## 06763190
SP;325;AV. RAIMUNDO PEREIRA DE MAGALHAES, 4586, SAO PAULO, SP, ## 05145200
SP;326;AVENIDA  BOTURUSSU, 874, SAO PAULO, SP, ## 03802000
SP;327;AVENIDA PAULA FERREIRA, 60, SAO PAULO, SP, ## 02916000
SP;328;RUA AMERICO FALCAO, 251/257, SAO PAULO, SP, ## 05786010
SP;329;RUA PROFESSORA VITALINA CAIAFA ESQUIVEL, 78, DIADEMA, SP, ## 09911180
SP;330;AV. MANOEL GUIRADO SEGURA N. 1573, TEODORO SAMPAIO, SP, ## 19280000
SP;331;RUA GENERAL LABATUT, 174, OSASCO, SP, ## 06233060
SP;332;AV  DR. CARLOS MORAES  BARROS, 261, OSASCO, SP, ## 06023000
SP;333;AVENIDA PRESIDENTE COSTA E SILVA, 171-A, PEDREIRA, SP, ## 13920000
SP;334;RUA CARLOS GOMES, 606, AGUAI, SP, ## 13860000
SP;335;RUA ALBINO RODRIGUES NEVES, 301, ARUJA, SP, ## 07401125
SP;336;RUA CARLOS GOMES, 613, MORRO AGUDO, SP, ## 14640000
SP;337;AVENIDA PRESIDENTE TANCREDO NEVES, 815 - ESTACAO RODRIGUES ALVES, PIQUETE, SP, ## 12620000
SP;338;RUA CARLOS DE CAMPOS, 260 - FORUM, GUARA, SP, ## 14580000
SP;339;RUA RIO BRANCO, 85 - SEGUNDO ANDAR - SALA 224, MAUA, SP, ## 09310110
SP;340;RUA SANTA CRUZ, 110, SAO VICENTE, SP, ## 11310290
SP;341;RUA JOSE DE ALENCAR, 48, EMBU DAS ARTES, SP, ## 06840020
SP;342;PRACA DA MACONARIA, S/N, SOROCABA, SP, ## 18040295
SP;343;PRACA DA MACONARIA, S/N, SOROCABA, SP, ## 18040295
SP;344;RUA MARECHAL DEODORO DA FONSECA, 530, CAMPO LIMPO PAULISTA, SP, ## 13230130
SP;345;RUA DOS BANDEIRANTES, 375, VINHEDO, SP, ## 13280000
SP;346;RUA IBIAPABA, 422, SAO PAULO, SP, ## 05625020
SP;347;RUA FERNAO ALBERNAZ, 400, SAO PAULO, SP, ## 03532000
SP;348;RUA CRISTOVAO GIRAO, 132, SAO PAULO, SP, ## 03362030
SP;349;AV. PAULO LINCOLN DO VALE PONTIN, 94, SAO PAULO, SP, ## 02273010
SP;350;AV. SAPOPEMBA, 6214, SAO PAULO, SP, ## 03374001
SP;351;AV. CUPECE, 1147, SAO PAULO, SP, ## 04365000
SP;352;RUA MONTE CAMBERELA, 342, SAO PAULO, SP, ## 08110260
SP;353;RUA SERRA DO MAR, 180, SAO PAULO, SP, ## 08410160
SP;354;RUA ARNALDO ROJEK, 111, CAJAMAR, SP, ## 07786525
SP;355;RUA NOSSA SENHORA APARECIDA, 167, CERQUILHO, SP, ## 18520000
SP;356;PRACA DA MACONARIA, S/N, SOROCABA, SP, ## 18040295
SP;357;PRACA DA MACONARIA, S/N, SOROCABA, SP, ## 18040295
SP;358;RUA SIQUEIRA CAMPOS, 65, MONTE MOR, SP, ## 13190000
SP;359;PRACA JOSE BAPTISTA SILVEIRA, 27/31, ITAPEVI, SP, ## 06653971
SP;360;RUA SANTA GERTRUDES, 496 - CENTRO, COSMOPOLIS, SP, ## 13150000
SP;361;RUA LIBERO BADARO, 451, HORTOLANDIA, SP, ## 13186260
SP;362;AV. DA AMIZADE, 3995, SUMARE, SP, ## 13175375
SP;363;RUA NOVE DE JULHO, 58, MARACAI, SP, ## 19840000
SP;364;AVENIDA QUEIROZ PEDROSO, 235, MAUA, SP, ## 09370360
SP;365;RUA CAMPOS SALES, 511, MAUA, SP, ## 09310040
SP;366;PRACA SAO SEBASTIAO, 147, SALA 05, SAO SEBASTIAO DA GRAMA, SP, ## 13790000
SP;368;PASSEIO ICARAI, 424, ILHA SOLTEIRA, SP, ## 15385000
SP;369;AVENIDA PEREIRA INACIO, 530, BOITUVA, SP, ## 18550000
SP;370;RUA CORONEL LUIZ TENORIO DE BRITO N 530, EMBU-GUACU, SP, ## 06900000
SP;371;RUA ANTONIO CARLOS TACCONI, 39, SAO PAULO, SP, ## 04810020
SP;372;RUA PROF. BARROSO DO AMARAL, 32, SAO PAULO, SP, ## 04937010
SP;373;ESTRADA DE ITAPECERICA, 2720, SAO PAULO, SP, ## 05835004
SP;374;AVENIDA CORIFEU DE AZEVEDO MARQUES, 1140, SAO PAULO, SP, ## 05582001
SP;375;RUA ELISIO FERREIRA, 506, SAO PAULO, SP, ## 03964010
SP;376;RUA BONIFACIO CUBAS, 567, SAO PAULO, SP, ## 02731000
SP;377;AVENIDA VEREADOR JOAO FERNANDES DA SILVA, 180, ITAQUAQUECETUBA, SP, ## 08576000
SP;378;RUA REGENTE FEIJO, S/N, CAMPINAS, SP, ## 13013900
SP;379;RUA REGENTE FEIJO S/N - SALA 419 - FORUM CENTRAL, CAMPINAS, SP, ## 13013900
SP;380;RUA REGENTE FEIJO, S/N, 2 ANDAR, SL. 219 - PALACIO DA JUSTICA, CAMPINAS, SP, ## 13013900
SP;381;AVENIDA PEDRO ROSCHEL GOTTZFRITZ, 210 - RIO BONITO, SAO PAULO, SP, ## 04809160
SP;382;RUA OVIDIO ABRANTES, 19, RIBEIRAO PIRES, SP, ## 09424150
SP;383;AV. PEDRO AMERICO, 674, SANTO ANDRE, SP, ## 09110560
SP;384;RUA ANTONIO CIA, 391, AMERICANA, SP, ## 13477450
SP;385;ALAMEDA PAULISTA, 2.380, ARARAQUARA, SP, ## 14810264
SP;386;RUA DA LIBERDADE,422, BARUERI, SP, ## 06411190
SP;387;RUA AGENOR MEIRA, 17-41, BAURU, SP, ## 17014460
SP;388;AVENIDA FERNANDA, 141 - TERREO, CARAPICUIBA, SP, ## 06320080
SP;389;RUA DEMIFONTE, 208, SAO PAULO, SP, ## 05201210
SP;390;AV. CANGAIBA, 1.158, SAO PAULO, SP, ## 03712000
SP;391;RUA SAO LUCAS, 225, EMBU DAS ARTES, SP, ## 06814310
SP;392;AV. SAO MIGUEL, 3906, SAO PAULO, SP, ## 03870000
SP;393;AVENIDA ITALO BRASILEIRO PIVA, 83, GUARULHOS, SP, ## 07080020
SP;394;AVENIDA JOAO VELOSO DA SILVA, 1181, GUARULHOS, SP, ## 07180010
SP;395;RUA CARIRI ACU, 32, GUARULHOS, SP, ## 07180250
SP;396;RUA OLIMPIO CATAO, 499, JACAREI, SP, ## 12308051
SP;397;RUA JAGUAR, 40, SAO PAULO, SP, ## 08030460
SP;398;RUA CEL. MANUEL FELICIANO DE SOUZA, 134 A, SAO PAULO, SP, ## 08060060
SP;399;RUA PRESIDENTE ROOSEVELT, 543-A, LIMEIRA, SP, ## 13480060
SP;400;AVENIDA BRASIL, 440, MARILIA, SP, ## 17509052
SP;401;RUA ANTONIO TREVISANI, 93, FERRAZ DE VASCONCELOS, SP, ## 08500340
SP;402;AV. CORONEL JOSE SOARES MARCONDES, 3220, PRESIDENTE PRUDENTE, SP, ## 19050230
SP;403;ESTRADA DE TAIPAS,412, SAO PAULO, SP, ## 02991000
SP;404;RUA ALVARO DA COSTA, 28, SAO PAULO, SP, ## 08461420
SP;405;ESTRADA ITAQUERA-GUAIANASES, 2120, SAO PAULO, SP, ## 08420000
SP;406;AV. DR.VICENTE DE CARVALHO, 220/230, PRAIA GRANDE, SP, ## 11704300
SP;407;AVENIDA JOHN F. KENNEDY, 1230, TAUBATE, SP, ## 12030200
SP;408;RUA TERESA MOUCO DE OLIVEIRA, 157 - VILA MARACANA, SAO PAULO, SP, ## 05846420
SP;409;RUA DOUTOR FELICIO LAURITO, 84, SAO BERNARDO DO CAMPO, SP, ## 09725840
SP;410;RUA NOVE DE JULHO, 1916, SAO CARLOS, SP, ## 13560042
SP;411;RUA PAULO SETUBAL 220, SAO JOSE DOS CAMPOS, SP, ## 12245460
SP;412;RUA PAULO SETUBAL, 220, SAO JOSE DOS CAMPOS, SP, ## 12245912
SP;413;AVENIDA DO CURSINO, 3821/3823, SAO PAULO, SP, ## 04133300
SP;414;RUA DOS VIANAS, 556, SAO BERNARDO DO CAMPO, SP, ## 09760000
SP;415;RUA BENJAMIN CONSTANT, 1029, SUZANO, SP, ## 08674011
SP;416;AV. LAURITA ORTEGA MARI, 1412, TABOAO DA SERRA, SP, ## 06766361
SP;417;AV. LIDER 3114/3116, SAO PAULO, SP, ## 08280005
SP;418;AVENIDA NOSSA SENHORA DO SABARA, 4.051, SAO PAULO, SP, ## 04447021
SP;419;AV. VEREADOR JOAO FERNANDES DA SILVA, 314, ITAQUAQUECETUBA, SP, ## 08576000
SP;420;AV. ROLAND GARROS, 1.013 - JARDIM BRASIL, SAO PAULO, SP, ## 02235000
SP;421;AV. ARQUITETO VILANOVA ARTIGAS, 1815-TEOTONIO VILELA, SAO PAULO, SP, ## 03928240
SP;422;AVENIDA SANTA INES, 864, SAO PAULO, SP, ## 02415001
SP;423;RUA REGENTE FEIJO, S/N - SALA 314 - PALACIO DA JUSTICA, CAMPINAS, SP, ## 13013900
SP;424;RUA DOS BANDEIRANTES, 103, JUNDIAI, SP, ## 13201130
SP;426;RUA JOAO DE ALMEIDA, 126, DIADEMA, SP, ## 09920140
TO;1;AVENIDA NEIF MURAD, QUADRA 01, LOTE 02, ARAGUAINA, TO, ## 77826604
TO;2;AV ESPIRITO SANTO,N.1134, ENTRE AS RUAS JK E GETULIO VARGAS, GURUPI, TO, ## 77403100
TO;3;AVENIDA LUIZ LEITE RIBEIRO, QUADRA A3, LOTE 7, PORTO NACIONAL, TO, ## 77500000
TO;4;RUA 7, QD. 33-A, LT. 4, COLINAS DO TOCANTINS, TO, ## 77760000
TO;5;RUA OSVALDO VASCONCELOS, S/N, (PRACA DO FORUM), MIRACEMA DO TOCANTINS, TO, ## 77650000
TO;6;RUA 8, QD. 15, LOTE 188, NR. 1133 - CENTRO, GUARAI, TO, ## 77700000
TO;7;RUA ARAGUAIA, ESQ C/ AMANCIO DE MORAES - PCA DO MERCADO, PARAISO DO TOCANTINS, TO, ## 77600000
TO;8;AV. PREFEITO WILSON MARTINS DE CASTRO QD. 57 N. 433, FILADELFIA, TO, ## 77795000
TO;9;RUA HORACIO NEGREIROS, 1.500 - SETOR AEROPORTO, TOCANTINOPOLIS, TO, ## 77900000
TO;10;RUA CASTELO BRANCO, 1168 - ESQ. C/ RUA GETULIO VARGAS, ARAGUATINS, TO, ## 77950000
TO;11;RODOVIA DARCY MARINHO, 480, ITAGUATINS, TO, ## 77920000
TO;12;AVENIDA A, S/N, ESQ COM RUA MIGUEL DOS SANTOS BARROS, SETOR LESTE, XAMBIOA, TO, ## 77880000
TO;13;AVENIDA MADRE VERONICA, QD. 12, N 540, LOTES 1 E 2, CRISTALANDIA, TO, ## 77490000
TO;14;AVENIDA JK, ESQUINA COM A RUA 7 DE SETEMBRO, S/N, ALVORADA, TO, ## 77480000
TO;15;AV HERMINIO A. SOARES - QD 53 - LT 01 - N 115 - ESQUINA COM RUA 10, FORMOSO DO ARAGUAIA, TO, ## 77470000
TO;16;AVENIDA BRASIL, ESQ. COM A RUA 07 - S/N, COLMEIA, TO, ## 77725000
TO;17;RUA AIROSA DE SOUZA GODINHO S/N, TAGUATINGA, TO, ## 77320000
TO;18;AVENIDA A - QUADRA 25 - LOTE 01, PARANA, TO, ## 77360000
TO;19;RUA A, QD 16,  LT 02, SETOR GINASIAL, NATIVIDADE, TO, ## 77370000
TO;20;AVENIDA ALAIR DE SENA CONCEICAO, QUADRA 21, LTS 11, 12 E 13, PEIXE, TO, ## 77460000
TO;21;RUA ANTONIO SOUSA GOMES, AUGUSTINOPOLIS, TO, ## 77960000
TO;22;AVENIDA PALMAS, QD R1, LT 22,, ARRAIAS, TO, ## 77330000
TO;23;AVENIDA JOAO DAMASCENO DE SA, N. 2017, ST. AEROPORTO, PEDRO AFONSO, TO, ## 77710000
TO;24;AV. DOM PEDRO I, QD. 15, LOTE 16, SETOR JARDIM PLANALTO, ARAGUACEMA, TO, ## 77690000
TO;25;AVENIDA MATO GROSSO QUADRA 24 LOTE 1A, DIANOPOLIS, TO, ## 77300000
TO;26;AVENIDA CASTELO BRANCO, QUADRA 14, PONTE ALTA DO TOCANTINS, TO, ## 77590000
TO;27;AVENIDA JOAO OLIVEIRA VALADARES, S/N, WANDERLANDIA, TO, ## 77860000
TO;28;AV. ALFREDO NASSER, QD. 109-A, LT. 1-A, MIRANORTE, TO, ## 77660000
TO;29;QUADRA 104 SUL, AVENIDA LO-01, NUMERO 10, PALMAS, TO, ## 77020020
TO;30;RUA ALDENOR LYRA GOMES, SN, CENTRO, ARAGUACU, TO, ## 77475000
TO;31;RUA MATO GROSSO ESQUINA COM AVENIDA CASTELO BRANCO, N. 1444, ARAPOEMA, TO, ## 77780000
TO;32;PRACA DR. FRANCISCO DELMONDES QUEZADO, S/N, GOIATINS, TO, ## 77770000
TO;33;AVENIDA CICERA PORTO S/N, ITACAJA, TO, ## 77720000
TO;34;AVENIDA NEIEF MURAD, QUADRA 01, LOTE 02, ARAGUAINA, TO, ## 77800000
TO;35;AVENIDA CENTRAL, S/N, AO LADO DA GARAGEM PREFEITURA, NOVO ACORDO, TO, ## 77610000
